gps_x,gps_y,ekf_x,ekf_y,gt_x,gt_y,GPS ?s,EKF ?s,GT ?s
0.72198,-24.306709,0.224186,-25.246993,0.152516,-25.318239,1.108335845,0.191912375,0.098640724
0.530311,-25.398346,0.320182,-25.080815,0.251154,-25.318972,0.46295497,0.071085093,0.105696502
0.937275,-25.177648,0.365988,-25.135174,0.356818,-25.321593,0.345978107,0.110222388,0.115211816
0.653851,-24.979225,0.476004,-25.141916,0.472022,-25.322935,1.393522865,0.050601784,0.115501861
1.746621,-24.114494,0.517183,-25.112508,0.587447,-25.318722,1.131798711,0.289744691,0.123231373
1.419065,-25.197857,0.745277,-24.933832,0.710655,-25.316322,0.206329514,0.139307089,0.120327938
1.622342,-25.162497,0.877866,-24.976571,0.830846,-25.310583,0.205690725,0.149429606,0.117597265
1.419667,-25.127404,1.024175,-25.00695,0.948268,-25.304165,0.400875897,0.087673353,0.118012349
1.818811,-25.090181,1.10962,-25.026591,1.066267,-25.30239,0.259802019,0.141636251,0.112435996
1.728174,-24.846702,1.25087,-25.037044,1.17851,-25.295805,0.566347603,0.106739153,0.116692758
1.290534,-25.206175,1.351871,-25.002518,1.295097,-25.290838,0.770665993,0.035636607,0.121822632
2.032098,-24.996392,1.357106,-25.037768,1.416657,-25.282843,0.313982023,0.134716313,0.129189671
1.882469,-25.272428,1.491631,-25.030591,1.545478,-25.27309,0.666519291,0.095146987,0.133937086
1.818786,-24.608958,1.576501,-25.073603,1.679297,-25.267467,1.178620348,0.098545347,0.138143739
2.226348,-25.714869,1.631756,-24.992006,1.817241,-25.260041,0.484105955,0.178185758,0.144150718
1.81868,-25.453784,1.755303,-25.120405,1.961171,-25.252067,0.698719421,0.064896554,0.145918242
2.456334,-25.168116,1.778163,-25.181142,2.107088,-25.251465,0.607426993,0.138246432,0.151833119
2.589176,-24.575393,1.916397,-25.182996,2.258839,-25.246472,1.134531627,0.170088335,0.155273089
3.631349,-24.127021,2.049955,-25.077676,2.414102,-25.244702,0.789436843,0.341222064,0.161509456
3.209621,-24.794371,2.346996,-24.90975,2.575552,-25.24032,0.190437226,0.174795498,0.167481086
3.073037,-24.927078,2.520314,-24.887071,2.742998,-25.236892,0.593733984,0.119413266,0.173622561
3.618264,-24.69203,2.639625,-24.892012,2.91661,-25.234977,0.308250941,0.198531283,0.179289606
3.452479,-24.951903,2.834643,-24.854828,3.095899,-25.235443,0.891358941,0.133154435,0.184213573
3.697452,-24.094868,2.966917,-24.870115,3.280096,-25.237914,1.330935393,0.206407826,0.188402687
3.759677,-25.424348,3.119311,-24.730902,3.468472,-25.241085,0.976332081,0.181686986,0.192137367
4.363678,-24.657271,3.255996,-24.850599,3.66059,-25.243813,0.984088848,0.222675764,0.195796394
3.605687,-25.28487,3.47588,-24.815449,3.856374,-25.246016,0.884280604,0.095018963,0.199631896
4.48989,-25.296585,3.523384,-24.897741,4.055988,-25.248689,0.278022287,0.207295357,0.203794525
4.290971,-25.102349,3.71791,-24.969372,4.259734,-25.253136,0.389270656,0.128288318,0.208363891
4.680205,-25.097007,3.843584,-24.995139,4.467985,-25.259994,0.386498802,0.173520128,0.213229336
4.483426,-25.429662,4.015874,-25.015764,4.681033,-25.268786,1.092549378,0.131671276,0.217991683
5.018693,-24.477216,4.123128,-25.092144,4.898815,-25.278345,0.967395298,0.211023098,0.222163867
4.982313,-25.443927,4.305912,-24.986689,5.12078,-25.287743,0.663474055,0.166702063,0.225472574
5.636915,-25.335788,4.450507,-25.069646,5.346063,-25.296987,0.986968492,0.240738872,0.228035887
6.42262,-25.933094,4.68589,-25.120144,5.57388,-25.306976,1.168252686,0.366540497,0.230284909
6.456234,-24.765325,5.020962,-25.268733,5.803865,-25.318725,1.004129688,0.29689144,0.23271497
6.801508,-25.708226,5.305973,-25.185587,6.036168,-25.332566,0.508100265,0.313322158,0.2357036
6.740638,-25.203785,5.603819,-25.282842,6.27137,-25.347935,0.380740802,0.23629472,0.239344581
6.686848,-24.826863,5.839966,-25.274488,6.510183,-25.363878,1.253448467,0.199736338,0.243348786
6.908567,-26.060546,6.025211,-25.199796,6.753007,-25.379851,0.505894028,0.24701074,0.247150498
7.280294,-25.717402,6.216518,-25.356052,6.99962,-25.396142,1.279404429,0.233984815,0.25022808
8.068917,-24.709955,6.439749,-25.426172,7.249237,-25.413619,0.3790278,0.346161941,0.252451745
8.184236,-25.071014,6.764113,-25.305275,7.500942,-25.433022,0.349255476,0.291961877,0.254108964
8.149562,-25.418544,7.053571,-25.26712,7.754155,-25.454342,0.452538863,0.235006285,0.255637624
8.260927,-25.857166,7.286729,-25.296536,8.008803,-25.476814,0.581319548,0.235180951,0.257413208
8.465259,-26.401391,7.49834,-25.399156,8.265213,-25.499518,1.241776058,0.278517825,0.259666188
9.083487,-25.32445,7.708347,-25.582102,8.523894,-25.522116,0.204953422,0.277018307,0.262415998
8.916714,-25.443583,7.982537,-25.542618,8.785298,-25.54514,0.752097773,0.215086613,0.26541737
9.561885,-25.057053,8.197382,-25.532426,9.049587,-25.569588,0.823800577,0.291108149,0.268289724
9.536946,-25.880476,8.477333,-25.452605,9.316559,-25.596146,1.40903537,0.231594573,0.270727785
10.131717,-27.157828,8.695335,-25.530779,9.585781,-25.62466,2.648543376,0.414002552,0.272635614
9.678522,-24.548346,8.988163,-25.823439,9.856806,-25.654251,1.131738275,0.275482289,0.274110481
9.463597,-25.659489,9.159992,-25.608113,10.1293,-25.683976,1.285819165,0.092374567,0.272719619
10.741201,-25.804606,9.251369,-25.621652,10.400833,-25.709389,0.471139737,0.303356973,0.263025757
11.062602,-25.460115,9.552443,-25.658799,10.662717,-25.73387,0.404304027,0.308055695,0.26381486
11.321587,-25.14965,9.858924,-25.627691,10.924929,-25.762907,0.387930587,0.310608257,0.259133843
11.501328,-25.493428,10.158579,-25.545933,11.182455,-25.791729,0.631927278,0.279708261,0.269422172
11.051651,-25.937413,10.438193,-25.538672,11.449689,-25.825997,1.023695307,0.167216929,0.266180012
12.054222,-25.730523,10.588813,-25.611302,11.713843,-25.858776,0.301082768,0.301298414,0.26935758
12.045049,-25.42958,10.889192,-25.634822,11.98146,-25.889348,1.468844709,0.248915099,0.267459221
13.011817,-26.535412,11.135818,-25.601142,12.24743,-25.917533,1.304952352,0.411162398,0.266616899
13.232913,-25.249326,11.510717,-25.769977,12.512292,-25.948073,1.389423256,0.360944671,0.262428787
13.866417,-26.485922,11.86088,-25.682416,12.772134,-25.984829,0.604816245,0.427938352,0.259313884
13.865873,-25.881106,12.263238,-25.828153,13.028851,-26.021436,0.400449619,0.333588277,0.264168558
13.47108,-25.814036,12.596469,-25.843588,13.290977,-26.054223,0.967326651,0.204589092,0.266298915
14.266515,-26.364494,12.801058,-25.843394,13.554706,-26.09113,0.607571619,0.323153045,0.273311363
14.032545,-25.803779,13.109092,-25.941082,13.8262,-26.122596,1.472032063,0.213068108,0.277125365
15.437121,-26.244284,13.321365,-25.922692,14.100819,-26.159783,0.816848132,0.427707593,0.280964808
14.632966,-26.100842,13.744485,-25.985168,14.379066,-26.198768,0.97981035,0.209139765,0.281045109
15.595814,-25.919315,13.951948,-26.011598,14.656786,-26.241872,0.327701939,0.340441971,0.279577133
15.51513,-26.236929,14.292222,-26.000905,14.932833,-26.28616,0.241080322,0.270561895,0.278978877
15.368738,-26.428473,14.558688,-26.047805,15.208553,-26.328677,0.526238649,0.205872495,0.279486491
15.874683,-26.283743,14.75118,-26.120814,15.485162,-26.368679,0.185086269,0.248939381,0.281738103
16.023467,-26.393835,14.997636,-26.155889,15.76415,-26.407948,1.179602972,0.2336994,0.285599909
17.084343,-26.909592,15.226262,-26.20432,16.04672,-26.449439,0.720220096,0.39832633,0.290506826
16.38965,-26.719543,15.602122,-26.336203,16.333615,-26.495106,1.387521984,0.202429837,0.295431062
16.660202,-25.358654,15.78957,-26.41263,16.6249,-26.544427,1.908658295,0.268669115,0.299183908
17.875271,-26.830586,15.990016,-26.233732,16.9198,-26.594875,0.673842443,0.395384575,0.301038597
17.429884,-26.324924,16.369662,-26.344176,17.216836,-26.643802,0.502188134,0.235101383,0.301183284
17.577492,-25.844919,16.604751,-26.346589,17.514396,-26.690379,1.287579406,0.225781404,0.300477089
18.455075,-26.787102,16.814024,-26.261842,17.811387,-26.736017,0.280452845,0.359719785,0.300159465
18.677514,-26.616296,17.160361,-26.359048,18.107829,-26.783111,1.282358086,0.308230123,0.301316543
19.832404,-27.173675,17.464668,-26.408069,18.404956,-26.833183,1.033068145,0.497023047,0.304497513
18.800246,-27.13032,17.940979,-26.550054,18.704867,-26.885834,1.408909842,0.231426495,0.309237057
19.517189,-25.917464,18.144474,-26.660272,19.009458,-26.939237,0.953842405,0.308947867,0.314243267
18.687475,-26.387985,18.427074,-26.535428,19.319283,-26.991747,1.630444757,0.105770844,0.318036148
19.98749,-27.372013,18.530841,-26.514937,19.633135,-27.043166,0.887737009,0.34208781,0.319698992
20.31702,-26.547703,18.835125,-26.671255,19.948643,-27.094762,1.299947051,0.309898004,0.31944103
21.415087,-27.243484,19.144629,-26.655633,20.263607,-27.148056,0.486433971,0.463855161,0.318391068
20.935052,-27.322125,19.595286,-26.765496,20.577149,-27.203412,0.271066764,0.307221175,0.31784104
21.205955,-27.331546,19.88372,-26.871282,20.889966,-27.259701,0.760316599,0.299007172,0.318782478
21.957512,-27.216466,20.168916,-26.961107,21.203868,-27.315269,0.778796441,0.371938189,0.321592782
22.268842,-26.502605,20.536897,-27.015218,21.520872,-27.369402,1.090897849,0.368826746,0.325740163
22.406552,-27.584776,20.896344,-26.932568,21.842167,-27.423032,0.922924618,0.343512422,0.330015299
22.153625,-26.697185,21.21747,-27.054547,22.167574,-27.47799,0.517663683,0.226288862,0.333185146
22.653384,-26.832154,21.436689,-26.998425,22.495752,-27.535536,1.17530376,0.268515309,0.33459557
23.467357,-27.679967,21.704116,-26.974274,22.82497,-27.595283,1.188156682,0.386521392,0.33442458
23.307656,-26.502592,22.068178,-27.104111,23.153947,-27.655399,0.252284629,0.290385792,0.326815387
23.36044,-26.749293,22.340264,-27.002656,23.474917,-27.716934,1.740067687,0.236299364,0.317523648
24.358319,-28.174801,22.572735,-26.960293,23.787551,-27.772443,0.39012092,0.427197855,0.31718772
24.512848,-27.81659,22.940113,-27.17831,24.100322,-27.825191,0.630903079,0.351517952,0.304865553
24.343192,-27.208926,23.271138,-27.296578,24.399617,-27.883204,1.485079766,0.242665966,0.311246968
25.730997,-27.737565,23.51363,-27.287391,24.705506,-27.940707,0.430050516,0.453128002,0.306667738
25.867176,-28.145485,23.958799,-27.371946,25.005729,-28.003247,0.664033701,0.418248263,0.308030691
25.40534,-28.62261,24.351974,-27.514582,25.307402,-28.065507,1.477429363,0.316648496,0.302073986
26.708215,-27.925965,24.594658,-27.71798,25.603098,-28.127253,0.294767568,0.432335974,0.294149253
26.89621,-28.153002,25.024609,-27.763329,25.891124,-28.186959,0.80325496,0.396732993,0.284494553
26.935754,-27.350721,25.413917,-27.839725,26.169511,-28.245592,1.319006353,0.337903088,0.275475102
26.251355,-28.478274,25.742056,-27.759082,26.4385,-28.305018,0.902474633,0.197537886,0.269135877
26.958141,-29.039446,25.88997,-27.890012,26.700488,-28.366633,0.983863753,0.320974472,0.266275801
27.691469,-28.383536,26.134071,-28.098433,26.959012,-28.430415,0.347051108,0.323356354,0.266072761
27.606374,-28.047079,26.452637,-28.153886,27.217113,-28.495057,0.834181112,0.256816307,0.266588927
28.321132,-28.477171,26.709076,-28.13997,27.4759,-28.55908,0.867306866,0.342263116,0.265791878
27.824765,-27.765946,27.045595,-28.202412,27.73415,-28.621947,1.09141663,0.213679464,0.262361432
28.341984,-28.727026,27.245509,-28.126958,27.988961,-28.684436,0.889957644,0.257209387,0.256266891
28.647682,-27.891219,27.480292,-28.231999,28.237215,-28.748018,1.430960304,0.272450054,0.248722165
27.248557,-28.19138,27.745699,-28.170451,28.477118,-28.813663,1.798984808,0.039929412,0.241347653
29.026144,-28.468022,27.705773,-28.170973,28.708834,-28.881164,0.485305328,0.272206508,0.23551821
29.506854,-28.534649,27.973517,-28.22006,28.934254,-28.949389,0.995392468,0.31744182,0.232151946
29.33836,-27.553621,28.286771,-28.271453,29.156301,-29.017136,1.12040737,0.413904701,0.23135517
29.513998,-28.660176,28.698477,-28.228847,29.377796,-29.083958,1.263468952,0.045132787,0.23212517
30.777005,-28.626013,28.743156,-28.222463,29.600235,-29.150313,1.475650447,0.408448958,0.232699046
29.331025,-28.920438,29.146631,-28.286012,29.823157,-29.217056,1.011897035,0.131087984,0.231385093
30.316643,-28.691325,29.224551,-28.391428,30.044986,-29.282866,0.986260585,0.240288906,0.221502862
31.031848,-28.012214,29.460072,-28.439058,30.257675,-29.344728,0.908240314,0.330602205,0.219677803
30.976136,-28.918744,29.780222,-28.356585,30.464757,-29.418045,0.30906442,0.270766151,0.206868403
30.753884,-28.703977,30.035184,-28.447737,30.661075,-29.483266,0.618752125,0.174357231,0.199905935
31.37089,-28.750429,30.205313,-28.485902,30.850046,-29.548476,1.480982943,0.251092854,0.198200584
30.532045,-29.970941,30.453286,-28.525361,31.036276,-29.616313,0.834204982,0.256292912,0.195534334
31.363762,-29.906561,30.508567,-28.775621,31.220976,-29.680497,0.701098376,0.274858686,0.196227449
31.047707,-29.280743,30.698534,-28.974266,31.406402,-29.744703,0.332683242,0.113758471,0.195297816
31.379885,-29.299071,30.798004,-29.029463,31.591487,-29.807031,0.785426455,0.146855616,0.199447262
32.022049,-29.75131,30.936564,-29.078122,31.783538,-29.860842,1.02451895,0.256936539,0.204242532
31.564734,-28.834521,31.163639,-29.198344,31.983009,-29.904732,1.166061386,0.122979758,0.205547899
32.730508,-28.808634,31.269392,-29.135572,32.18513,-29.942109,0.455942582,0.298114727,0.205282383
32.413453,-29.136292,31.561657,-29.076805,32.387545,-29.9763,0.751171684,0.186022489,0.205603234
32.452923,-29.886426,31.747507,-29.084814,32.590559,-30.008827,2.043648176,0.212143376,0.208007639
33.779547,-28.331895,31.907179,-29.224491,32.796415,-30.038668,2.382338285,0.399442443,0.213348877
33.026616,-30.592123,32.273288,-29.064746,33.008447,-30.062336,1.144067838,0.3168874,0.221758283
33.547307,-29.573412,32.443981,-29.331732,33.229816,-30.07547,0.619920681,0.236126644,0.232295008
34.108648,-29.310357,32.676128,-29.374901,33.462111,-30.07541,0.178144592,0.291318084,0.242905535
33.951257,-29.226909,32.967224,-29.363528,33.704681,-30.062647,0.808620138,0.214276157,0.251135664
34.75015,-29.351955,33.180014,-29.338335,33.954836,-30.040475,1.179267518,0.316830151,0.255501848
34.158202,-28.332019,33.496844,-29.338644,34.208867,-30.013099,1.783261921,0.23989031,0.256496534
34.69913,-30.03126,33.653571,-29.157029,34.46362,-29.983243,1.063501482,0.268921429,0.256049158
35.10972,-29.050214,33.877325,-29.306203,34.717656,-29.951198,0.302938917,0.261549375,0.256479036
35.087899,-28.748062,34.134252,-29.257248,34.971619,-29.915361,0.592414053,0.231696237,0.260075984
35.264692,-28.182643,34.345272,-29.161573,35.228214,-29.872952,0.819386148,0.260938011,0.268126837
35.726699,-28.859358,34.535699,-28.983174,35.49126,-29.821002,0.970340756,0.257427671,0.27962801
36.154028,-27.98818,34.790954,-28.949799,35.763624,-29.75768,1.189765307,0.333056591,0.291419204
36.76255,-29.010551,35.070675,-28.769015,36.045373,-29.683231,0.959197775,0.340595596,0.298366069
36.902244,-28.06158,35.409932,-28.799182,36.33219,-29.601022,1.06576104,0.337314696,0.303052399
36.139005,-28.80543,35.715713,-28.656777,36.621953,-29.512263,1.454488517,0.109815782,0.303303292
37.592915,-28.846449,35.824391,-28.672544,36.910677,-29.419358,0.821460627,0.360936206,0.301229721
37.149904,-28.154684,36.184915,-28.689789,37.19643,-29.324045,1.190813044,0.237753572,0.300290258
38.198704,-28.718647,36.397933,-28.584195,37.480519,-29.226743,0.20019342,0.3521796,0.301599865
37.998555,-28.71443,36.749818,-28.598597,37.764821,-29.126071,0.985028839,0.263805144,0.29364082
38.081339,-27.732886,37.013395,-28.609566,38.041746,-29.028411,1.192547495,0.292711839,0.300388033
39.139987,-28.281916,37.253979,-28.442834,38.324787,-28.927809,1.230895034,0.38031837,0.297986833
38.224663,-27.458943,37.632197,-28.402919,38.60347,-28.822301,1.370624757,0.233593922,0.299613098
39.554741,-27.128028,37.782747,-28.224311,38.881262,-28.710053,0.699697429,0.414255112,0.302832412
39.58389,-27.827118,38.140816,-28.015999,39.16075,-28.59346,1.164741128,0.305678768,0.294770015
40.672594,-27.413179,38.442556,-27.967086,39.431768,-28.477535,1.401825861,0.45674701,0.286520563
39.769675,-28.485491,38.885123,-27.85416,39.696294,-28.367444,1.41780164,0.228517112,0.274521811
40.615753,-27.347812,39.091617,-27.952039,39.951005,-28.26505,0.955247601,0.339939955,0.263107602
39.692687,-27.101952,39.410436,-27.834083,40.195781,-28.16856,1.052465573,0.172460087,0.255483175
40.715209,-26.852688,39.509225,-27.692721,40.432994,-28.073683,0.307060165,0.305863844,0.253215591
40.471699,-26.665635,39.768995,-27.531252,40.66655,-27.975858,0.518897436,0.238619762,0.255605196
40.97382,-26.796513,39.939271,-27.364083,40.900336,-27.872523,0.882020375,0.255137043,0.25971986
41.722402,-27.262973,40.166957,-27.248957,41.136354,-27.764126,0.49223079,0.320177528,0.261862783
41.489737,-26.829201,40.486934,-27.237627,41.373693,-27.653481,0.660748597,0.238494848,0.259142963
41.97037,-26.375791,40.710042,-27.15335,41.608679,-27.544226,0.599196346,0.307224142,0.250854819
42.50405,-26.648228,40.978561,-27.004071,41.836395,-27.438995,0.621066667,0.324849945,0.239295627
42.353055,-27.25066,41.294694,-26.929322,42.053449,-27.338248,1.342675121,0.238792592,0.228240265
41.942187,-25.972394,41.528867,-26.976065,42.259774,-27.240659,0.589116003,0.220855894,0.220845429
42.428564,-25.639986,41.647943,-26.790059,42.458456,-27.144232,0.923035947,0.280659306,0.218797319
43.333181,-25.823462,41.829893,-26.576368,42.654477,-27.047031,1.103718851,0.341728747,0.221451268
42.857332,-26.819335,42.139432,-26.431578,42.852341,-26.94758,1.438773606,0.180579221,0.225881903
43.921254,-25.850759,42.310513,-26.489372,43.053727,-26.845275,0.646319318,0.340959927,0.228661489
43.868515,-26.494923,42.629959,-26.370175,43.257044,-26.740641,1.134870631,0.273801818,0.22713868
44.149843,-25.395475,42.903445,-26.383322,43.45826,-26.635265,1.313453721,0.311356334,0.220500321
43.000618,-26.031433,43.158317,-26.204484,43.652678,-26.531236,1.147980881,0.046679121,0.210699604
44.142012,-26.154233,43.184022,-26.16552,43.837512,-26.430089,0.222283035,0.208787263,0.200882609
44.193246,-25.937935,43.39269,-26.158464,44.012899,-26.332144,0.102952215,0.186798553,0.193584957
44.261733,-26.014803,43.574546,-26.115778,44.181216,-26.236517,0.482142802,0.154179704,0.190611169
44.625914,-26.330768,43.727412,-26.095694,44.346332,-26.141284,1.118962143,0.199754389,0.19223499
44.409359,-25.232961,43.923116,-26.135716,44.512267,-26.044228,0.652218422,0.202272587,0.196380526
45.050519,-25.113367,44.0524,-25.980153,44.681262,-25.944198,1.203119152,0.2654113,0.199853056
44.675152,-26.256431,44.266933,-25.823888,44.852888,-25.841798,1.017837992,0.131876498,0.199766356
45.034613,-25.30418,44.375562,-25.898662,45.0242,-25.739042,0.589068008,0.184759825,0.194852616
44.821795,-25.853461,44.527067,-25.792915,45.190902,-25.638156,1.32940641,0.086027259,0.186640836
46.014731,-25.266754,44.612483,-25.803152,45.349678,-25.540049,0.883619091,0.296274004,0.178043795
45.392172,-24.639695,44.893329,-25.708792,45.499565,-25.443958,0.533385581,0.225796882,0.171511164
45.845667,-24.358906,45.01547,-25.518882,45.641876,-25.348231,0.148674714,0.275475113,0.168770028
45.992789,-24.337475,45.195674,-25.310524,45.780056,-25.251331,0.575526321,0.248993814,0.170029907
45.560018,-24.716869,45.370315,-25.133046,45.918633,-25.152809,0.747537836,0.104168285,0.173423162
46.115882,-24.217041,45.436811,-25.052863,46.060824,-25.053525,0.199416662,0.21640162,0.176298604
46.137504,-24.0188,45.588463,-24.898489,46.206972,-24.954925,0.690223315,0.207745852,0.176481173
45.967431,-24.687742,45.716971,-24.735259,46.354502,-24.858072,1.611510746,0.076415197,0.173233715
47.364651,-25.490701,45.791582,-24.718752,46.49921,-24.762838,1.695310667,0.33449962,0.167799496
46.377376,-24.112526,46.099164,-24.850218,46.637648,-24.668014,0.831916119,0.155125172,0.162157846
46.936869,-24.728198,46.179725,-24.717652,46.768531,-24.572281,0.525077145,0.163757088,0.157769304
47.210436,-24.280016,46.343481,-24.717055,46.892799,-24.475077,0.385512982,0.199435842,0.15552238
47.507219,-24.526065,46.526823,-24.638567,47.013495,-24.376997,0.589268689,0.204810798,0.155626529
47.492954,-23.936969,46.730582,-24.617837,47.13478,-24.27948,1.769625605,0.205122821,0.157436773
46.977068,-25.629729,46.896466,-24.497181,47.259861,-24.183871,1.606934957,0.205139153,0.159674208
47.321336,-24.060105,46.940365,-24.697568,47.389556,-24.090731,0.856955768,0.144656735,0.160842534
48.019714,-23.563475,47.035313,-24.588433,47.522121,-23.999644,0.712970495,0.269535439,0.159908047
48.732046,-23.593642,47.236669,-24.409254,47.65415,-23.909428,1.06049738,0.326874056,0.15700147
47.67269,-23.642831,47.530097,-24.265217,47.782346,-23.81879,0.845018468,0.124625498,0.1532132
48.478629,-23.896836,47.585918,-24.153792,47.904921,-23.726868,0.358093702,0.192754256,0.149924091
48.660799,-23.588542,47.772837,-24.106723,48.022209,-23.633483,0.244652379,0.210781251,0.148292764
48.882411,-23.484894,47.962039,-24.013818,48.136794,-23.53935,0.624082363,0.21553265,0.14868071
48.283985,-23.661996,48.155483,-23.918772,48.252511,-23.445993,0.542686483,0.070773697,0.150421343
48.046908,-23.173833,48.208302,-23.871665,48.372438,-23.355196,1.230616715,0.125069132,0.144903757
48.778191,-22.184064,48.200056,-23.746868,48.492138,-23.273532,0.906322109,0.310423037,0.151291803
48.908496,-23.08097,48.332576,-23.466153,48.617554,-23.188915,0.583557346,0.148119605,0.150782763
48.846119,-23.661184,48.460434,-23.391375,48.742619,-23.104688,0.268481542,0.102353496,0.13802381
48.781584,-23.400574,48.554049,-23.432757,48.85712,-23.027616,1.364867696,0.066370145,0.142868924
48.557014,-22.054308,48.619709,-23.423074,48.972766,-22.943726,1.161009823,0.246560825,0.134004888
48.986806,-23.132836,48.631047,-23.176774,49.078627,-22.861563,0.563435671,0.085638804,0.135868712
49.546072,-23.064416,48.715434,-23.162185,49.184113,-22.77593,0.889171489,0.169665732,0.134912275
48.656958,-23.054305,48.883565,-23.139416,49.289034,-22.691119,0.993674505,0.027293127,0.13335284
49.381508,-22.374293,48.864902,-23.119501,49.394767,-22.609857,0.429668007,0.175823415,0.131390215
49.223273,-21.974823,48.97585,-22.983103,49.501745,-22.533574,0.319462897,0.195468576,0.129038526
49.526993,-22.073872,49.039422,-22.798261,49.60909,-22.461964,0.243681322,0.172871064,0.12682325
49.306265,-21.970626,49.145133,-22.661478,49.71546,-22.392902,0.556501916,0.140546141,0.125120677
49.823861,-22.175049,49.193071,-22.52936,49.819585,-22.323525,0.832739702,0.149616355,0.123957279
50.335879,-22.831778,49.323541,-22.45613,49.920619,-22.251709,1.324905726,0.206847362,0.12292675
49.846993,-21.60037,49.522382,-22.513122,50.018366,-22.177167,1.120029911,0.186794331,0.121384025
49.365581,-22.611661,49.600981,-22.343669,50.114262,-22.102749,0.901466865,0.044095815,0.119340248
49.918624,-21.899772,49.579186,-22.382002,50.214599,-22.038138,0.158901796,0.121310517,0.118197671
50.053601,-21.983623,49.657162,-22.289072,50.320342,-21.985326,1.080845851,0.107555513,0.118247401
51.124003,-22.133514,49.744966,-22.226954,50.430809,-21.943142,0.947772168,0.263569608,0.118937248
50.292459,-21.678754,50.007429,-22.202827,50.54478,-21.909132,0.083888897,0.12275468,0.119431652
50.371018,-21.708179,50.0786,-22.10281,50.660766,-21.880651,0.44143024,0.105808822,0.119251177
50.483776,-22.134965,50.150282,-22.024982,50.777436,-21.855974,0.541576449,0.079046998,0.118605737
50.367409,-21.606038,50.228471,-22.036597,50.894189,-21.835092,0.228863651,0.09366998,0.118309069
50.21157,-21.438429,50.271556,-21.953424,51.011484,-21.819635,1.3097886,0.099121842,0.119343538
50.747102,-22.633733,50.278169,-21.854523,51.130577,-21.811906,0.675840247,0.163742209,0.122291668
50.9101,-21.977843,50.376957,-21.985108,51.252854,-21.8138,1.024847515,0.110589321,0.126794738
51.397079,-22.879599,50.487402,-21.97946,51.379052,-21.826087,0.426505043,0.234071652,0.131549657
51.667775,-22.550008,50.661393,-22.136038,51.50874,-21.84814,0.617399445,0.208846096,0.135050382
51.053259,-22.609608,50.856871,-22.209557,51.640415,-21.878145,1.127232285,0.09360566,0.136498053
51.918409,-21.886996,50.914851,-22.283044,51.772187,-21.913752,0.855642594,0.207082085,0.136333523
51.11166,-22.172093,51.110703,-22.215776,51.90273,-21.953063,1.405955364,0.020792223,0.136016576
52.472828,-22.524133,51.130626,-22.209827,52.031955,-21.995506,0.36549899,0.258447226,0.137009362
52.380721,-22.17043,51.382683,-22.266943,52.160848,-22.041962,1.2184071,0.202300524,0.140017453
51.876523,-21.061241,51.584521,-22.253271,52.290729,-22.094267,2.086844751,0.222134658,0.144909219
52.065957,-23.13947,51.658799,-22.043923,52.422525,-22.154504,1.816825224,0.212393056,0.150841908
52.295204,-21.337166,51.747941,-22.236704,52.556338,-22.224127,1.470278903,0.198562218,0.156562168
52.704946,-22.749197,51.869366,-22.079596,52.691492,-22.303153,0.61109757,0.206469461,0.160874555
52.151329,-22.490453,52.038409,-22.198146,52.826928,-22.389973,0.968703279,0.065077936,0.163206515
53.059845,-22.826585,52.075627,-22.251531,52.961722,-22.481989,0.496971193,0.224604975,0.164026241
53.212121,-22.353518,52.273712,-22.357407,53.095497,-22.576904,0.478132216,0.188063624,0.164523279
52.744113,-22.45139,52.461726,-22.361727,53.22844,-22.673827,1.265349992,0.075373885,0.165788919
52.773573,-23.716397,52.534216,-22.382377,53.360952,-22.773459,1.210133561,0.250303044,0.168498662
53.983109,-23.678372,52.597725,-22.624489,53.493393,-22.877628,1.123012679,0.330913168,0.172959855
52.871722,-23.5172,52.863827,-22.821195,53.626091,-22.988562,0.351916063,0.138029389,0.178873409
53.20844,-23.414897,52.88761,-22.95716,53.759384,-23.107846,0.868446345,0.122371744,0.185180138
53.674684,-24.147574,52.964808,-23.052109,53.893488,-23.235548,1.214253714,0.254627079,0.190459295
54.383783,-23.161881,53.110308,-23.26107,54.028289,-23.370097,1.083920364,0.246365013,0.1937304
54.053137,-24.194139,53.356671,-23.260074,54.163299,-23.509035,0.382205896,0.232644064,0.19507428
54.024881,-23.812979,53.502662,-23.441209,54.297861,-23.650269,0.224449867,0.141984484,0.195484449
53.954601,-24.026142,53.617837,-23.524241,54.431481,-23.792957,0.849843592,0.133848965,0.196200765
54.621106,-24.553404,53.699559,-23.630246,54.564084,-23.937564,1.233695661,0.258838775,0.198344676
53.885676,-23.562875,53.884305,-23.811537,54.696134,-24.085562,1.132732803,0.033825806,0.202590071
54.347259,-24.597295,53.906471,-23.785986,54.828509,-24.238923,1.285717584,0.188117263,0.208624193
55.027402,-23.506206,54.004555,-23.946509,54.962034,-24.39922,1.300629065,0.210285972,0.215130771
54.388411,-24.639046,54.205843,-23.885654,55.096962,-24.566778,0.940670862,0.157817908,0.220511473
55.263444,-24.984269,54.259193,-24.034181,55.232824,-24.740464,0.84792905,0.270998223,0.222983706
55.59309,-25.765497,54.457219,-24.219183,55.370713,-24.915702,0.422497487,0.368267087,0.213681296
55.800479,-25.397402,54.679924,-24.51248,55.505242,-25.081719,1.110950404,0.285307915,0.211607799
55.133987,-24.508583,54.902012,-24.691582,55.635562,-25.248436,1.502586957,0.065888913,0.20476927
55.665936,-25.913858,54.967205,-24.682031,55.76836,-25.404305,1.23026479,0.280905581,0.204202137
54.436885,-25.859222,55.113802,-24.92165,55.899314,-25.560988,1.747042851,0.210862479,0.205429079
56.007866,-26.623537,55.011835,-25.106219,56.031305,-25.718403,0.857973809,0.357946122,0.207470378
56.821662,-26.351774,55.209399,-25.404705,56.164696,-25.877308,1.312394844,0.355850949,0.208266417
55.64977,-25.76097,55.5102,-25.594833,56.298727,-26.036715,0.927270922,0.080686062,0.207210147
55.701372,-26.686804,55.560774,-25.657702,56.431555,-26.195752,1.217621434,0.207922204,0.203161913
56.91724,-26.621482,55.601723,-25.861552,56.563371,-26.350346,1.658721451,0.305609,0.197903031
56.449211,-28.212804,55.856823,-26.02984,56.69429,-26.498757,0.68120416,0.435397086,0.193098657
56.46293,-27.531738,55.981986,-26.446859,56.8247,-26.641166,0.159335978,0.249822585,0.190852103
56.565673,-27.409952,56.086719,-26.673668,56.955054,-26.780566,0.044767502,0.19700893,0.191750814
56.52402,-27.426358,56.191348,-26.840597,57.082836,-26.923535,0.229718031,0.156871778,0.202756813
56.533676,-27.655873,56.267197,-26.977913,57.21498,-27.077315,1.11339819,0.16666681,0.204652682
57.57758,-27.268678,56.330985,-27.13189,57.341696,-27.238019,0.446639281,0.243905717,0.208370251
57.473245,-27.70296,56.56808,-27.189126,57.467295,-27.404281,0.725293657,0.216245969,0.212949815
57.790681,-28.355099,56.746469,-27.311354,57.595307,-27.574459,1.115422164,0.296998688,0.210617995
56.676286,-28.402957,56.950648,-27.527037,57.719015,-27.744918,0.579991963,0.189097393,0.210658993
57.25488,-28.443202,56.921395,-27.713858,57.842111,-27.91587,0.337957385,0.177974605,0.21070488
57.512488,-28.661956,56.996952,-27.874998,57.963081,-28.088389,0.288482079,0.201912215,0.212620825
57.522931,-28.950249,57.103996,-28.0462,58.081678,-28.264861,0.474728077,0.211931953,0.217276619
57.552505,-28.476443,57.193645,-28.238237,58.198617,-28.447985,0.991395055,0.10789226,0.223739583
56.880049,-29.204912,57.272239,-28.312154,58.314247,-28.639529,1.139265715,0.196309515,0.2302303
57.851465,-29.800124,57.216513,-28.500388,58.428445,-28.839441,0.867640966,0.289115424,0.234895962
57.80951,-28.933498,57.340405,-28.761613,58.540687,-29.045785,0.856763406,0.113811852,0.236792793
57.622301,-29.769558,57.435629,-28.823947,58.650401,-29.255627,1.337167951,0.202743577,0.236478594
58.586733,-30.695781,57.480662,-29.021626,58.757404,-29.466512,1.561065626,0.388268939,0.235534411
59.04782,-29.204364,57.688354,-29.349676,58.862032,-29.677532,0.996865403,0.255440558,0.235512478
58.802518,-30.170577,57.943687,-29.357088,58.964855,-29.889413,1.442783543,0.243280933,0.237417974
57.475621,-30.737118,58.113063,-29.531723,59.066185,-30.104121,0.927466247,0.257440102,0.241497898
58.28501,-30.284257,58.014259,-29.769448,59.165744,-30.324142,1.364713646,0.143269498,0.247042808
59.420443,-31.04138,58.078145,-29.897685,59.262828,-30.551309,0.965356703,0.343410824,0.252668487
59.566576,-30.087148,58.329696,-30.131465,59.356856,-30.78583,1.61932078,0.23724026,0.256953344
58.979131,-31.596157,58.565752,-30.15514,59.447816,-31.026145,0.601227972,0.292034115,0.259100119
59.551908,-31.413396,58.653894,-30.433555,59.536289,-31.269672,0.602320476,0.279059884,0.259342436
59.00138,-31.65775,58.835484,-30.64545,59.623034,-31.514077,0.567293782,0.215745684,0.258643287
59.03891,-32.223801,58.883204,-30.855852,59.708473,-31.758201,0.436212343,0.279050177,0.258116511
59.338179,-32.541164,58.92835,-31.131226,59.792458,-32.002272,0.981969942,0.298197203,0.258833395
59.518273,-33.506478,59.017286,-31.415852,59.874404,-32.247791,0.590487395,0.411764123,0.261543085
58.932522,-33.581118,59.118653,-31.814944,59.953699,-32.497024,0.731390705,0.352130963,0.266112494
59.304537,-32.951406,59.100877,-32.166626,60.030151,-32.751918,1.322054857,0.195838672,0.271409988
58.142064,-33.581077,59.152618,-32.355506,60.104095,-33.013061,0.977494936,0.308097309,0.275872395
58.780552,-32.840922,58.985217,-32.614158,60.17611,-33.279368,1.193357325,0.079208797,0.278302993
59.799593,-33.461935,58.955047,-32.687396,60.2466,-33.548596,0.847957127,0.240784139,0.278507779
59.830628,-34.309324,59.112324,-32.869717,60.315573,-33.818428,0.771288257,0.314862791,0.277260179
59.950304,-35.071271,59.246172,-33.154714,60.382802,-34.087414,0.211790594,0.409750206,0.275868064
59.918612,-34.861865,59.382821,-33.541007,60.448115,-34.355439,0.369908954,0.296219925,0.275763662
59.551603,-34.908093,59.489089,-33.817509,60.511539,-34.62381,0.774827511,0.237252794,0.277884907
59.899602,-35.600375,59.511803,-34.053672,60.573202,-34.894767,1.163804294,0.326939814,0.282031963
59.808054,-34.440177,59.591338,-34.37079,60.633123,-35.17036,0.561025633,0.07440295,0.286960567
59.99755,-34.968231,59.640679,-34.426479,60.691094,-35.451404,1.120257929,0.15463909,0.291086321
59.566789,-36.00236,59.714574,-34.56232,60.746781,-35.737114,0.40742839,0.294259651,0.293304857
59.690715,-36.390484,59.698771,-34.856155,60.799996,-36.025551,0.703623073,0.312134636,0.293481089
60.332801,-36.678253,59.706167,-35.168202,60.850944,-36.314576,0.182498666,0.33159026,0.292353942
60.166597,-36.753632,59.825547,-35.477557,60.900175,-36.602755,0.810504425,0.27801116,0.291117308
60.321886,-37.549121,59.895398,-35.74665,60.94824,-36.889877,0.155077196,0.37309701,0.290996605
60.263652,-37.692849,59.980635,-36.10988,60.995258,-37.17705,0.4829111,0.331836442,0.292732563
60.579186,-38.058419,60.040798,-36.436217,61.040719,-37.466231,0.326093166,0.350860719,0.296216462
60.492976,-37.743928,60.146354,-36.770823,61.083745,-37.759306,0.501021715,0.231920611,0.300579992
60.226588,-38.168263,60.218642,-36.99119,61.12363,-38.057228,1.182192789,0.255761485,0.30463799
60.637369,-39.276793,60.230723,-37.246666,61.160291,-38.359652,0.361688645,0.415182522,0.307379985
60.751309,-38.93352,60.312675,-37.65368,61.194334,-38.665141,0.601639514,0.28984487,0.30837929
60.198156,-38.696894,60.400738,-37.929823,61.226663,-38.971821,1.161518588,0.186449283,0.307920415
60.906503,-39.617421,60.375142,-38.114507,61.257899,-39.278153,0.524273446,0.330285142,0.306913933
60.835836,-40.13691,60.478413,-38.428232,61.288023,-39.583585,0.92614169,0.358758032,0.306543338
60.763724,-41.06024,60.55167,-38.779431,61.316433,-39.888809,0.43979344,0.457024461,0.307769127
60.39288,-41.296657,60.599288,-39.233968,61.342385,-40.195482,0.99407557,0.408473661,0.31084658
60.893022,-40.437562,60.57043,-39.641421,61.365486,-40.505469,0.371918657,0.215159154,0.315182569
60.775297,-40.084767,60.637113,-39.845986,61.385912,-40.819989,1.853738691,0.099594565,0.319572716
59.968408,-41.753682,60.669923,-39.940021,61.404235,-41.139036,0.659386954,0.388100173,0.322760681
60.066566,-41.101642,60.552976,-40.310082,61.421038,-41.461359,1.961061741,0.197931367,0.324009558
60.479643,-43.018705,60.47053,-40.490025,61.436613,-41.784994,0.232639306,0.494473349,0.323487466
60.345409,-42.828699,60.474551,-40.984482,61.450941,-42.108164,0.922990214,0.377755841,0.322192398
60.964827,-42.144424,60.453828,-41.361669,61.463892,-42.430096,1.267156268,0.221297943,0.321461245
60.860062,-43.407242,60.546659,-41.562555,61.475461,-42.751349,0.601765673,0.383071237,0.322310447
61.114261,-42.861802,60.605559,-41.941071,61.485818,-43.073493,1.27101931,0.23551983,0.324979705
60.735271,-44.075003,60.699974,-42.156838,61.495174,-43.398338,0.130824423,0.39153903,0.32883879
60.863531,-44.100779,60.711613,-42.548204,61.503593,-43.727069,0.316959757,0.31862676,0.332682866
61.180443,-44.095277,60.742553,-42.865325,61.510973,-44.05967,1.630572249,0.292661741,0.335304534
61.22218,-45.725315,60.826392,-43.145721,61.517238,-44.394916,1.061097369,0.516349432,0.336061969
61.646137,-44.752593,60.902959,-43.656362,61.522549,-44.730936,1.237887617,0.286781382,0.335186399
60.40825,-44.753829,61.042191,-43.907077,61.527351,-45.066088,1.323462467,0.229591321,0.33362882
60.902992,-45.98134,60.938314,-44.111825,61.532171,-45.399682,0.341351025,0.384520123,0.332544865
60.700105,-46.255853,60.938006,-44.496345,61.53732,-45.732187,1.157500759,0.368379017,0.33277833
61.857121,-46.222357,60.901044,-44.862865,61.54269,-46.064922,1.079901792,0.343736427,0.334576857
61.230395,-47.10179,61.075363,-45.159121,61.547789,-46.39946,0.593751237,0.401175738,0.333782535
60.648313,-46.984653,61.110054,-45.558794,61.551836,-46.733218,0.446450355,0.318347352,0.334559131
60.50403,-46.56216,61.034817,-45.868123,61.554685,-47.067765,1.011235833,0.200074293,0.33736412
60.548079,-47.572436,60.94502,-46.046914,61.556717,-47.405123,1.119183368,0.330848291,0.338334086
61.521963,-48.123908,60.876698,-46.370631,61.558162,-47.743454,0.326839842,0.382401653,0.3371962
61.416482,-48.433259,60.992267,-46.735151,61.559631,-48.080647,0.669249335,0.364308448,0.334685257
61.548331,-49.089392,61.070574,-47.090944,61.561835,-48.415325,0.651987583,0.419714994,0.331755475
61.187865,-49.632671,61.15958,-47.501113,61.564712,-48.747068,1.295700457,0.435700639,0.329461102
60.026361,-50.206908,61.169747,-47.936695,61.567292,-49.076519,0.716836695,0.503315535,0.328855327
60.656652,-50.548358,60.97082,-48.399031,61.568529,-49.405372,0.691347046,0.446416903,0.330530251
60.964839,-49.929503,60.914966,-48.84194,61.568122,-49.735902,1.172218186,0.255819117,0.334087459
60.794787,-51.089321,60.922706,-49.097642,61.566396,-50.069985,0.692347481,0.415037657,0.338031224
61.071664,-50.454747,60.898981,-49.512001,61.563406,-50.408003,1.610399391,0.230623678,0.34091186
60.624754,-52.001892,60.928319,-49.740751,61.558894,-50.748885,0.860141458,0.464182067,0.341965465
61.250566,-51.411805,60.873511,-50.201686,61.552517,-51.090791,1.400797799,0.2860569,0.341313301
60.332545,-52.469856,60.938781,-50.480197,61.544161,-51.432002,0.912595495,0.425087067,0.339800987
60.353625,-51.557504,60.830334,-50.891218,61.534066,-51.771653,0.56167138,0.199085133,0.33864869
60.841414,-51.835958,60.742855,-51.070054,61.522614,-52.110108,0.251851945,0.193549155,0.338943153
60.735825,-51.607309,60.75628,-51.263137,61.509937,-52.448814,1.565958936,0.115452967,0.341072858
60.864213,-53.167996,60.749189,-51.378372,61.495662,-52.789588,0.891705971,0.358011933,0.344577567
60.765722,-54.054246,60.766952,-51.735943,61.479052,-53.133765,0.847215657,0.461380225,0.348417759
60.725116,-53.208004,60.764197,-52.197315,61.459487,-53.481633,0.151316107,0.232593724,0.349437268
60.59525,-53.130342,60.754854,-52.429721,61.435529,-53.830248,2.1284716,0.189054905,0.349534384
61.423359,-55.091114,60.723418,-52.616144,61.408516,-54.178737,1.094023209,0.504992338,0.349765495
60.881044,-54.140966,60.844745,-53.106345,61.380956,-54.527415,0.677895302,0.238038279,0.348803328
61.186293,-54.746247,60.850651,-53.34431,61.353373,-54.875126,1.566378844,0.307435996,0.347463937
60.568715,-56.18574,60.909807,-53.646001,61.325189,-55.221445,0.785522596,0.507522113,0.346771587
60.02784,-55.616091,60.849564,-54.149935,61.295299,-55.566926,0.981560347,0.338227364,0.347544577
60.322136,-56.552494,60.703178,-54.454843,61.262856,-55.912953,0.785892572,0.44438323,0.349819162
61.072226,-56.786998,60.630737,-54.893282,61.227977,-56.261029,0.927618453,0.401182522,0.3529349
60.943576,-55.868344,60.704168,-55.287687,61.191714,-56.612096,2.215629098,0.166646852,0.355745441
60.48055,-58.035051,60.743532,-55.449618,61.155243,-56.965967,0.748503768,0.517519415,0.357317774
59.779707,-57.772226,60.694443,-55.964804,61.119296,-57.321472,0.157843495,0.415032231,0.357045768
59.628036,-57.815935,60.528505,-56.34522,61.083571,-57.676726,1.507148174,0.361527841,0.355281983
60.292939,-59.168488,60.362103,-56.666176,61.047352,-58.030157,0.934687105,0.504448782,0.35302646
60.097776,-58.254403,60.340948,-57.170181,61.010199,-58.381223,1.042401445,0.25984239,0.351480302
61.023658,-58.733301,60.289331,-57.424845,60.972475,-58.730673,1.39893672,0.316949352,0.351472852
59.637306,-58.920523,60.411562,-57.717277,60.935128,-59.080156,2.168897001,0.307798635,0.35305059
59.644521,-61.089408,60.268572,-57.989846,60.898833,-59.431336,0.876382212,0.620076683,0.355462926
59.885916,-60.246927,60.150029,-58.598486,60.863345,-59.785023,0.39037866,0.360065385,0.357614776
59.935981,-59.859772,60.094061,-58.954175,60.827721,-60.140859,1.817904654,0.226181776,0.358654422
60.396608,-61.618351,60.056923,-59.177287,60.791179,-60.497647,1.303285568,0.496378448,0.358227985
60.769856,-60.369656,60.108668,-59.670961,60.753719,-60.853911,0.436674351,0.216939483,0.356669461
61.050758,-60.703989,60.219677,-59.857347,60.716147,-61.208596,1.25463097,0.254065834,0.354900316
60.687241,-61.904803,60.363916,-60.066499,60.679537,-61.561603,0.939054136,0.38724441,0.353807964
59.804851,-61.583539,60.421053,-60.449505,60.644381,-61.91366,1.525278171,0.280654174,0.353909068
59.613241,-63.096734,60.312165,-60.708175,60.610122,-62.265907,0.590455901,0.496665028,0.355266112
60.190963,-62.974769,60.186403,-61.188654,60.575377,-62.61947,0.254042614,0.376241374,0.356322647
59.946294,-63.043141,60.183609,-61.564885,60.537831,-62.973809,0.652564154,0.312855144,0.35866836
59.525204,-63.541662,60.138955,-61.874537,60.498118,-63.330272,0.691963905,0.370067139,0.360742668
59.154678,-64.126063,60.026437,-62.227084,60.457239,-63.688691,1.424210342,0.424989096,0.361659413
60.198493,-65.094993,59.866505,-62.620832,60.4161,-64.048003,0.778069871,0.49934759,0.361271554
59.420664,-65.114352,59.917635,-63.117555,60.374947,-64.406923,0.675732998,0.425039714,0.360039165
59.747826,-64.523099,59.823767,-63.5321,60.33322,-64.764536,1.528176117,0.238309416,0.359055387
59.264163,-65.972717,59.803476,-63.769544,60.290226,-65.121008,0.461650516,0.474238834,0.359185207
59.369612,-66.422163,59.699972,-64.23235,60.245423,-65.477388,0.245587782,0.442714299,0.360659388
59.518524,-66.617454,59.635326,-64.670319,60.198592,-65.834994,1.038452274,0.425018305,0.355594357
59.839632,-65.629895,59.603915,-65.094175,60.156163,-66.188048,1.373481186,0.148695929,0.352305869
59.558512,-66.974299,59.639395,-65.238576,60.109366,-66.537232,0.757117094,0.36692359,0.348828066
58.91303,-67.37,59.619102,-65.604938,60.062232,-66.882861,1.227650579,0.407104155,0.342294487
58.747384,-68.586424,59.485364,-65.989448,60.021849,-67.222765,0.991205578,0.540617336,0.34326713
59.730666,-68.711504,59.34571,-66.511716,59.975997,-67.562956,0.442784922,0.45859464,0.335733265
59.652948,-68.275593,59.402738,-66.966751,59.935468,-67.896234,1.079529836,0.30000327,0.332119694
58.596641,-68.052882,59.43804,-67.26467,59.892982,-68.225625,1.180266964,0.257584584,0.324927859
59.347354,-68.963629,59.280143,-67.468185,59.853319,-68.548123,0.966595323,0.325834999,0.318064444
58.729812,-69.707234,59.28095,-67.794019,59.816447,-68.864043,0.134624248,0.414052792,0.312064198
58.598233,-69.678762,59.172115,-68.193512,59.78217,-69.174219,1.183690528,0.34376857,0.307236868
59.760838,-69.456337,59.057381,-68.517569,59.749943,-69.479761,1.170533062,0.251926423,0.303634004
59.21385,-70.491205,59.168162,-68.743831,59.71892,-69.781806,1.39972444,0.36755665,0.300802667
59.202448,-71.890883,59.16456,-69.11137,59.688702,-70.081087,1.601988907,0.551772334,0.298031017
59.747437,-70.384445,59.159378,-69.663118,59.659623,-70.377696,1.47943452,0.211020471,0.294591659
58.689662,-71.418775,59.252186,-69.852634,59.632539,-70.67104,0.400362129,0.353796177,0.290025673
58.518794,-71.780844,59.141971,-70.188825,59.608288,-70.96005,0.354737892,0.362032625,0.28439909
58.873466,-71.787681,59.018508,-70.529155,59.587211,-71.243667,0.208857846,0.283690776,0.278341893
58.992255,-71.959468,58.977718,-70.809898,59.569038,-71.521415,0.446067392,0.260187687,0.272726698
59.430167,-72.044375,58.964824,-71.069766,59.553227,-71.793683,1.206471205,0.23704463,0.268246374
59.069442,-73.195657,59.032243,-71.297021,59.539385,-72.061572,1.042635334,0.389633369,0.262899671
58.506086,-72.318321,59.024891,-71.686585,59.525373,-72.324098,1.092321236,0.196498156,0.260713574
58.614197,-73.405279,58.918672,-71.8519,59.513195,-72.584527,0.174008256,0.333432541,0.258809514
58.443532,-73.371333,58.848477,-72.17786,59.502709,-72.843124,0.477567072,0.276766395,0.256239361
58.615278,-73.816949,58.759312,-72.43987,59.493645,-73.099203,0.547093638,0.296812592,0.25299169
58.156458,-73.518963,58.715211,-72.733388,59.486162,-73.352084,0.969707579,0.221865682,0.248667979
58.459271,-74.440178,58.597114,-72.921211,59.480221,-73.600681,0.880590284,0.319006847,0.243602685
58.683415,-73.588592,58.552065,-73.237021,59.475769,-73.844243,0.453767503,0.108533192,0.238999692
59.097388,-73.402766,58.555091,-73.345512,59.473119,-74.083228,1.893248974,0.093587045,0.235756552
58.47701,-75.191487,58.632469,-73.398154,59.472609,-74.318984,0.793541668,0.350965429,0.234061092
59.134738,-74.747525,58.59122,-73.746687,59.473993,-74.553041,0.636503667,0.23127019,0.234408662
58.545809,-74.988978,58.671393,-73.963616,59.470957,-74.78743,0.492648386,0.223361189,0.240298213
58.170869,-75.308544,58.634949,-74.183984,59.463713,-75.027619,1.071634983,0.266719952,0.241720933
59.24056,-75.373063,58.53377,-74.430768,59.450255,-75.268965,1.385080223,0.232387304,0.237787929
57.89375,-75.049721,58.643519,-74.635607,59.429541,-75.505849,1.575654954,0.177318433,0.242148503
59.146176,-76.005816,58.499743,-74.739387,59.409027,-75.747127,1.324877996,0.283484121,0.237067415
58.772693,-77.276962,58.596016,-75.006023,59.384088,-75.982879,1.437652403,0.431387996,0.240577249
58.390596,-75.891016,58.615954,-75.43695,59.358635,-76.222106,0.79575164,0.130759574,0.240236308
57.694678,-76.276916,58.563643,-75.55679,59.327675,-76.460339,0.939620083,0.241733619,0.24256232
58.620953,-76.119117,58.393635,-75.72864,59.289516,-76.699881,0.693999728,0.108308529,0.246160592
57.969552,-75.879717,58.418114,-75.834146,59.242557,-76.941521,1.499875134,0.102739631,0.250206029
57.447238,-77.285709,58.324222,-75.875856,59.186663,-77.185404,0.65840586,0.328670463,0.253864087
57.784033,-76.719964,58.153098,-76.156464,59.12331,-77.431236,0.128974607,0.155805301,0.256140557
57.90171,-76.772752,58.070028,-76.288277,59.054644,-77.678001,1.389286012,0.125791135,0.256672182
57.788577,-78.157424,58.022437,-76.404718,58.982351,-77.924282,1.039666041,0.345530475,0.255976015
57.169349,-78.992566,57.963483,-76.745182,58.906986,-78.168912,0.173497031,0.459695322,0.255170883
57.247078,-78.837455,57.804746,-77.176601,58.828008,-78.411553,0.323674069,0.35204176,0.255531369
57.348274,-78.530007,57.686136,-77.50806,58.744154,-78.652934,1.277309155,0.233992316,0.257914095
57.318928,-79.806979,57.605854,-77.727849,58.653919,-78.894548,0.396236603,0.413703414,0.26210524
57.431531,-79.427079,57.534537,-78.135359,58.556175,-79.137746,0.674178276,0.273518404,0.266813126
56.799802,-79.662525,57.496155,-78.406171,58.450709,-79.38283,1.082225946,0.300941775,0.270394714
57.881307,-79.623029,57.353079,-78.670926,58.338399,-79.628797,1.070170701,0.223423061,0.27179035
57.268524,-78.745668,57.426766,-78.881848,58.220926,-79.873889,1.706089576,0.047934612,0.271140269
57.569426,-80.425013,57.381702,-78.898187,58.100125,-80.116632,0.837735317,0.308250794,0.26955694
56.750106,-80.250327,57.398714,-79.205968,57.977314,-80.356587,0.173418418,0.258658556,0.268374659
56.788776,-80.081275,57.268588,-79.429511,57.852867,-80.594364,0.961443909,0.183917937,0.268571806
56.10474,-80.7569,57.16725,-79.582992,57.726018,-80.831092,0.911786827,0.319739026,0.270439978
56.6857,-81.459638,56.961611,-79.82783,57.595081,-81.067721,1.341928862,0.33377414,0.273464515
56.631677,-80.118797,56.89341,-80.154562,57.458312,-81.304527,2.416699196,0.072523367,0.276642738
56.202874,-82.49715,56.828312,-80.186529,57.314942,-81.54112,0.883381826,0.464020877,0.278992489
56.414785,-81.639562,56.698836,-80.63212,57.165682,-81.776828,0.897083429,0.229058727,0.279977935
55.520879,-81.714999,56.629303,-80.85037,57.0124,-82.011119,0.879832391,0.28899473,0.279680408
56.149937,-82.330134,56.413573,-81.042668,56.857186,-82.243777,0.484543069,0.266305619,0.278622376
56.325921,-82.781589,56.349983,-81.30127,56.701401,-82.474778,0.662508363,0.30970871,0.277525049
55.664739,-82.82349,56.322233,-81.609733,56.545139,-82.70413,1.117300845,0.279922287,0.277181439
55.46507,-81.724175,56.190724,-81.85684,56.387185,-82.931902,1.813872032,0.148268527,0.278164096
54.538598,-83.283592,56.043227,-81.871946,56.227883,-83.159933,0.808492709,0.413094615,0.271492913
54.608847,-84.089027,55.751171,-82.164094,56.074435,-83.383902,0.385600342,0.431627298,0.272158156
54.299004,-83.859495,55.529569,-82.534492,55.91476,-83.604297,0.547998241,0.37640418,0.269890464
53.900853,-83.482961,55.279797,-82.816084,55.761473,-83.826432,1.133515462,0.316222872,0.269513577
54.445469,-84.477069,55.005994,-82.974289,55.606286,-84.046783,0.407003863,0.331947654,0.268360499
54.802218,-84.281155,54.875203,-83.279384,55.451199,-84.265793,0.242339915,0.221509856,0.265218625
54.806212,-84.038848,54.831461,-83.496532,55.299766,-84.483529,0.897624246,0.13003992,0.260482306
54.540248,-84.896165,54.803883,-83.623614,55.152692,-84.698518,0.588674706,0.27985554,0.255291156
53.976458,-84.726817,54.725966,-83.892404,55.010076,-84.910259,0.507798204,0.243873792,0.250823465
53.858062,-85.22062,54.566992,-84.077341,54.872143,-85.119751,0.559080648,0.283448059,0.248112597
53.326063,-85.048724,54.414273,-84.316129,54.737121,-85.327907,0.759635723,0.276076603,0.247172124
53.763572,-85.669717,54.193387,-84.481742,54.60298,-85.535513,0.816752922,0.267071382,0.247249406
52.94904,-85.729908,54.087584,-84.726962,54.468048,-85.742698,0.471389115,0.314147477,0.247209626
53.370241,-85.518254,53.856094,-84.939332,54.331736,-85.94893,0.848876155,0.179820983,0.246100137
53.414049,-86.365999,53.738829,-85.075657,54.194828,-86.153433,1.407053438,0.275608458,0.2435469
52.597067,-85.220425,53.650456,-85.336713,54.059134,-86.355676,0.554316178,0.217188859,0.239896553
52.285239,-85.678715,53.43356,-85.347988,53.926617,-86.55565,0.774520731,0.250617451,0.235249969
52.930894,-86.106514,53.198307,-85.434389,53.797742,-86.752459,0.87107993,0.165828161,0.224126732
52.822408,-86.970812,53.118349,-85.579667,53.676476,-86.940946,0.63417194,0.284617563,0.230919936
52.303431,-86.606344,53.034153,-85.851546,53.55762,-87.138929,1.28648892,0.22667603,0.220474788
51.700743,-87.742927,52.874094,-86.012055,53.44218,-87.326766,1.067232531,0.410413445,0.21655014
52.549187,-87.095526,52.634754,-86.345455,53.327156,-87.510242,0.919670584,0.168604151,0.217739155
51.789398,-87.61371,52.586851,-86.507111,53.210575,-87.694142,0.328482673,0.282923013,0.211100718
51.508318,-87.443725,52.414526,-86.731498,53.0944,-87.8704,0.890494847,0.24671663,0.208742829
52.38786,-87.304488,52.22227,-86.886116,52.980029,-88.045022,1.350215822,0.101678566,0.204361261
51.653563,-88.437577,52.21999,-86.987769,52.869821,-88.21712,0.785026767,0.311627795,0.198637903
52.069918,-87.772058,52.090385,-87.271167,52.765327,-88.386052,1.51998204,0.12107691,0.193004934
50.639634,-88.286483,52.058208,-87.38789,52.666439,-88.551799,1.597817225,0.33840601,0.190475355
52.082619,-87.600324,51.776903,-87.576002,52.566339,-88.713851,1.369764607,0.039695015,0.192125988
50.923154,-88.329636,51.804625,-87.604413,52.457078,-88.871884,1.050098531,0.230218515,0.194200199
50.732803,-89.362338,51.627721,-87.751741,52.339019,-89.026078,0.946295638,0.359247006,0.195996913
51.287933,-88.595979,51.442862,-88.059776,52.213701,-89.176777,1.352862363,0.13217367,0.19690653
51.046418,-89.927109,51.388485,-88.180246,52.083231,-89.324255,1.597094091,0.353791667,0.19674029
50.210505,-88.566242,51.296061,-88.521752,51.94954,-89.468593,0.60244874,0.22007681,0.196001802
50.812493,-88.589799,51.078794,-88.556807,51.813477,-89.609673,1.200272767,0.073706892,0.195772093
50.682613,-89.783024,51.009983,-88.583222,51.674254,-89.747309,0.43096715,0.249063329,0.197005156
51.10867,-89.718154,50.927069,-88.818079,51.529936,-89.881411,1.154123332,0.188902854,0.199995364
49.954562,-89.712205,50.930592,-89.006949,51.378499,-90.012044,0.698446666,0.246612639,0.20428745
49.300241,-89.467886,50.735136,-89.157331,51.218708,-90.139324,0.859315141,0.283117251,0.208853017
49.903575,-90.079777,50.462117,-89.232271,51.050604,-90.263262,0.21734672,0.220430605,0.212563624
50.08063,-89.953717,50.331826,-89.410074,50.875527,-90.383808,0.496713669,0.139513088,0.214730085
49.601578,-89.82244,50.261044,-89.530298,50.695625,-90.501044,1.856347768,0.160492794,0.215455707
49.750396,-91.672813,50.119089,-89.605176,50.51295,-90.615285,1.133079364,0.399709658,0.215680058
49.428291,-90.586481,50.028496,-89.994484,50.328428,-90.726952,0.499735584,0.185679388,0.216609521
49.391521,-90.0881,49.897616,-90.126193,50.14147,-90.836343,0.461469257,0.115697435,0.218934472
49.011309,-90.34962,49.783488,-90.145185,49.950529,-90.943459,0.570970701,0.171646962,0.222624096
49.362584,-89.899494,49.622412,-90.204491,49.753951,-91.047951,0.846130602,0.07773327,0.227087256
48.762489,-90.496003,49.552049,-90.171453,49.55069,-91.149211,0.99249335,0.180035477,0.231445638
47.790291,-90.695688,49.388713,-90.247177,49.3408,-91.246747,1.127868832,0.322888093,0.234819052
47.471608,-89.613778,49.080724,-90.344128,49.125547,-91.340588,0.94436558,0.333029565,0.236664406
47.896057,-90.457383,48.767528,-90.230916,48.906977,-91.431347,0.298818202,0.192393414,0.237091834
47.845996,-90.751978,48.582509,-90.283672,48.687021,-91.519845,1.389724998,0.187233838,0.236863084
46.841704,-91.712568,48.42129,-90.378882,48.466601,-91.606558,0.573476289,0.398757085,0.23685597
47.006966,-92.261716,48.110237,-90.628388,48.245441,-91.691346,0.173581398,0.382318249,0.237631557
46.982715,-92.089837,47.881195,-90.934504,48.02249,-91.773575,0.613531608,0.288672827,0.239452022
46.494183,-92.460994,47.694877,-91.154998,47.79639,-91.852417,1.9303849,0.361139121,0.242258505
46.303863,-90.540014,47.441774,-91.412603,47.565981,-91.927256,1.291170204,0.27115379,0.245493094
46.097887,-91.814649,47.204703,-91.280991,47.330908,-91.99802,0.177670463,0.258432348,0.248217924
46.006273,-91.66242,46.972402,-91.394232,47.091949,-92.065182,0.151964925,0.218001881,0.249633121
46.050384,-91.516998,46.764616,-91.460185,46.850725,-92.129429,0.604938208,0.165175062,0.249624666
45.707353,-92.015275,46.60172,-91.487529,46.608871,-92.191228,0.133513901,0.222841204,0.248826858
45.674277,-91.885923,46.40768,-91.597104,46.367231,-92.250599,1.172054061,0.178394515,0.248136264
44.604249,-91.407644,46.242452,-91.664367,46.125643,-92.307228,0.485259346,0.329915048,0.248371614
44.733516,-91.875369,45.913855,-91.634906,45.883097,-92.360706,1.757001478,0.249852642,0.250139338
44.689738,-90.118913,45.670015,-91.689389,45.638005,-92.410702,1.357179204,0.34151688,0.25351339
44.362688,-91.436097,45.457033,-91.42242,45.388769,-92.457075,0.43319376,0.222398805,0.257805453
44.13136,-91.802354,45.234732,-91.429015,45.134545,-92.499898,0.342090782,0.25037962,0.261901811
44.457784,-91.700014,44.994974,-91.501168,44.875641,-92.539411,0.742545434,0.131544784,0.264898639
43.741956,-91.897407,44.869574,-91.540903,44.613271,-92.575925,0.322473663,0.240756668,0.266595709
43.577303,-92.174677,44.638415,-91.608203,44.348827,-92.609728,0.320821221,0.256921463,0.267519442
43.336109,-91.963131,44.405725,-91.717125,44.08315,-92.641071,0.658454577,0.233500609,0.268520139
42.843747,-91.525933,44.177977,-91.768636,43.816211,-92.670168,0.616213836,0.277275062,0.270436289
42.227778,-91.508564,43.903025,-91.732819,43.547123,-92.697139,1.3097168,0.338426489,0.273843475
42.05631,-92.807008,43.566324,-91.698688,43.2744,-92.721886,0.355782442,0.369345911,0.276972175
41.704006,-92.856637,43.25715,-91.900747,42.998215,-92.742753,0.975196832,0.364626337,0.281746563
41.359047,-91.94449,42.939016,-92.078913,42.717017,-92.760326,1.089483786,0.324553819,0.287112176
42.203725,-92.632599,42.614747,-92.065319,42.430294,-92.77527,1.154781417,0.160822642,0.292116255
41.38605,-91.817168,42.497342,-92.175228,42.138471,-92.788356,1.323626243,0.245270816,0.295452795
40.228871,-92.459759,42.258037,-92.121461,41.843233,-92.79962,0.952518675,0.408225213,0.296975754
39.820796,-91.599081,41.855515,-92.18946,41.5464,-92.808827,1.318789216,0.418071584,0.297509791
40.006703,-92.904701,41.44883,-92.092552,41.248978,-92.816054,1.042061427,0.338891095,0.298192962
41.040285,-93.037367,41.144922,-92.242509,40.95084,-92.821779,2.527358064,0.163242095,0.299973728
38.847045,-91.781486,41.078694,-92.391713,40.650903,-92.826473,0.675898541,0.451662748,0.30311745
39.297155,-91.277264,40.637977,-92.292881,40.347807,-92.830079,0.953305153,0.334631989,0.307021556
39.185222,-92.223975,40.352155,-92.118857,40.040791,-92.831926,1.044344405,0.255780766,0.310585937
38.284101,-91.696115,40.097267,-92.140209,39.730206,-92.831163,0.399905806,0.377272145,0.312850572
38.341659,-92.091857,39.727781,-92.063957,39.417378,-92.827405,0.992533509,0.295256459,0.313455156
37.734944,-92.877363,39.432586,-92.069981,39.103986,-92.821113,0.529214306,0.379541674,0.312660165
38.233142,-92.698851,39.081761,-92.214804,38.791422,-92.813359,1.699137823,0.220167827,0.311083283
36.665512,-92.043408,38.88085,-92.304852,38.480448,-92.805114,0.451845191,0.444326454,0.309490428
37.062168,-92.259806,38.438446,-92.263564,38.171076,-92.796553,0.612501073,0.296109421,0.308615848
36.746326,-92.784593,38.142354,-92.266776,37.862612,-92.786873,1.558473427,0.314399146,0.30886311
37.133642,-91.275015,37.842887,-92.362517,37.553984,-92.774824,1.462198935,0.258722033,0.310089564
36.003058,-92.202272,37.665708,-92.173984,37.24427,-92.759567,0.142336982,0.344514165,0.311721691
36.144475,-92.186115,37.321244,-92.179863,36.93309,-92.741198,0.346254642,0.259056713,0.313025989
36.405671,-91.958807,37.062195,-92.181862,36.620741,-92.720622,1.118835042,0.170252011,0.313430243
35.321698,-92.235925,36.896429,-92.143037,36.308065,-92.698891,0.194756813,0.327212242,0.312753113
35.434425,-92.077108,36.569638,-92.159635,35.996112,-92.676534,0.810702253,0.25195965,0.311316735
34.723578,-92.466896,36.318083,-92.145361,35.685661,-92.653333,0.255793313,0.323875817,0.309921752
34.467821,-92.471206,35.999285,-92.202487,35.376727,-92.628609,0.560856488,0.334460936,0.309529439
34.409913,-91.913347,35.6685,-92.251938,35.068363,-92.601774,0.383368317,0.276917286,0.310756888
34.067224,-91.741488,35.397774,-92.193709,34.758964,-92.572755,1.684764101,0.297942494,0.313568752
33.336361,-93.25947,35.110684,-92.114028,34.446909,-92.541981,0.840903636,0.417194806,0.317328768
33.08905,-92.455756,34.746341,-92.317266,34.131196,-92.509999,0.844151314,0.34392144,0.321116746
32.546944,-91.808676,34.403547,-92.345091,33.811773,-92.477061,0.417380973,0.391969018,0.324122221
32.310616,-92.152705,34.022485,-92.253268,33.489443,-92.443023,0.552666778,0.357251284,0.326008998
32.577618,-92.636596,33.665612,-92.236832,33.165362,-92.40762,1.218705852,0.257159424,0.32706993
32.221142,-91.471191,33.41877,-92.308943,32.840367,-92.370837,0.728801218,0.302899142,0.328082978
31.874699,-92.112384,33.153738,-92.162294,32.514467,-92.333053,1.221207188,0.278871945,0.329892354
30.666768,-92.291966,32.87503,-92.152733,32.186798,-92.294817,1.253640517,0.444358454,0.332958812
31.289225,-91.203774,32.431326,-92.176841,31.85606,-92.256425,1.725106463,0.309777537,0.337152067
29.725989,-91.933353,32.174493,-92.003639,31.521149,-92.217616,1.148890159,0.488455995,0.340742786
30.26027,-90.916253,31.686289,-91.987951,31.18284,-92.176963,0.726154266,0.364987937,0.331441809
29.828253,-91.499915,31.376474,-91.794998,30.854112,-92.134636,0.865221928,0.33619166,0.336824267
29.496783,-92.299125,31.045445,-91.736307,30.519817,-92.093436,1.330008393,0.344394972,0.326779984
28.985102,-91.071483,30.714207,-91.83059,30.195772,-92.051246,0.625937948,0.388733843,0.320911354
28.558734,-90.613216,30.350655,-91.692953,29.877723,-92.00848,1.530438769,0.423979078,0.321604493
28.419729,-92.137329,29.97515,-91.496092,29.558774,-91.967237,0.948423881,0.35106538,0.313849929
28.564646,-91.200042,29.64089,-91.60341,29.247922,-91.923961,1.279287703,0.259952082,0.310196008
27.382341,-91.688644,29.392001,-91.528381,28.94084,-91.880118,0.840070986,0.414126685,0.303827848
28.172423,-91.974108,28.97865,-91.553716,28.640418,-91.834753,1.512073076,0.213669574,0.297075155
26.970277,-91.056933,28.778021,-91.627219,28.347014,-91.788194,0.38873712,0.389430594,0.290209038
27.350281,-90.974997,28.401647,-91.527225,28.060657,-91.741067,1.024821507,0.26176016,0.283680489
26.494737,-91.539181,28.158796,-91.429543,27.780938,-91.693824,1.128983295,0.339095402,0.277769197
25.60302,-90.846762,27.820256,-91.448943,27.507265,-91.646297,0.966343544,0.475390043,0.272548701
26.534397,-91.10436,27.356606,-91.343946,27.239071,-91.597771,0.680776116,0.203224997,0.26783286
26.115386,-91.64091,27.157658,-91.302472,26.975991,-91.547538,1.186091029,0.247670659,0.263198469
25.869627,-90.480559,26.917875,-91.364479,26.717996,-91.495461,0.732185818,0.275009505,0.258169316
25.141099,-90.407463,26.689421,-91.211381,26.465404,-91.442088,0.514839875,0.364017275,0.252534541
25.294257,-90.898994,26.353474,-91.071209,26.218679,-91.388232,0.563529932,0.23158939,0.246520757
25.048187,-90.392027,26.123779,-91.041648,25.978117,-91.334358,0.560774418,0.275294291,0.240668779
25.274024,-89.878738,25.872802,-90.928522,25.743609,-91.280252,1.253933725,0.235882435,0.235548575
24.121103,-90.371813,25.726257,-90.743684,25.514574,-91.225242,0.60237547,0.337491553,0.231499051
24.396404,-90.907598,25.395421,-90.67699,25.29007,-91.168764,0.762923528,0.237968079,0.228456676
24.074207,-91.599148,25.160993,-90.717884,25.069074,-91.110857,0.988386787,0.279265227,0.225973378
23.808682,-90.647095,24.930735,-90.875904,24.850849,-91.05219,0.403218634,0.255593639,0.223512911
23.973899,-91.014911,24.677191,-90.8436,24.635153,-90.993596,0.491750731,0.174399549,0.220790148
23.482149,-91.014063,24.506971,-90.881552,24.422146,-90.93549,1.200272383,0.227517477,0.21829217
22.546928,-90.261723,24.281817,-90.914261,24.21163,-90.877745,1.664529013,0.366450617,0.220007185
22.552093,-91.926244,23.930969,-90.80847,23.998084,-90.824818,1.188457298,0.355859988,0.223861473
22.66813,-90.743465,23.642271,-91.016532,23.780963,-90.770298,0.564211032,0.219703111,0.224920794
22.554489,-90.190817,23.425302,-90.981979,23.561836,-90.719576,0.692218532,0.235615737,0.226417223
22.450309,-89.506483,23.227401,-90.854112,23.339958,-90.674466,1.028149899,0.291328174,0.228508369
22.019974,-90.440241,23.047105,-90.625277,23.116621,-90.626127,0.822801772,0.225048125,0.21942536
21.198847,-90.492712,22.82366,-90.598463,22.901275,-90.584013,1.049388813,0.329438955,0.216480071
22.005275,-89.821228,22.494443,-90.586372,22.689805,-90.537709,0.569070239,0.182742585,0.214480522
21.773229,-90.340839,22.365298,-90.45708,22.479854,-90.493863,0.201867876,0.145925876,0.215488657
21.686457,-90.523106,22.220263,-90.44098,22.268333,-90.452702,0.927515866,0.134150516,0.217250307
20.759293,-90.49756,22.087512,-90.460307,22.054455,-90.414572,0.969146883,0.272475437,0.220340235
21.622087,-90.938958,21.815316,-90.472644,21.836787,-90.38036,1.574696264,0.113972488,0.22662882
20.193018,-90.277573,21.744126,-90.561648,21.611858,-90.352655,0.413902959,0.312685838,0.228193868
20.578595,-90.127087,21.43432,-90.519308,21.384883,-90.329101,0.937739543,0.198369197,0.224731115
20.225983,-90.996006,21.246053,-90.456811,21.16115,-90.307944,0.483457484,0.239496518,0.219648334
20.573837,-90.660255,21.029338,-90.558758,20.942372,-90.28841,1.299022892,0.119218148,0.217615463
19.282714,-90.8033,20.912994,-90.584778,20.725548,-90.269867,1.045215266,0.326768385,0.219107804
19.976324,-90.021392,20.589663,-90.63205,20.506977,-90.254539,0.777887829,0.175966895,0.224170188
19.293914,-90.39479,20.44468,-90.532329,20.282975,-90.245857,0.354506108,0.240027218,0.22185377
19.487396,-90.691841,20.205357,-90.513956,20.061127,-90.244257,1.095412415,0.167098729,0.22867205
18.930328,-89.748653,20.042526,-90.55148,19.832466,-90.246505,0.550225185,0.269324336,0.22601838
18.393895,-89.62623,19.810348,-90.414992,19.606508,-90.251729,0.648322937,0.318206326,0.217354065
18.760608,-90.160874,19.523322,-90.277619,19.389306,-90.259858,0.972045327,0.173375429,0.216564775
17.926327,-90.65972,19.351125,-90.257439,19.172837,-90.266298,0.582425281,0.297863001,0.202126626
18.451227,-90.912107,19.061981,-90.32898,18.970785,-90.27179,1.271285665,0.173382351,0.197144616
17.500674,-90.067941,18.923795,-90.433699,18.773661,-90.274641,0.654917231,0.301442391,0.1887183
17.684836,-90.696432,18.628633,-90.372487,18.584958,-90.277044,1.045265746,0.205850764,0.184603361
16.643956,-90.60078,18.431349,-90.431254,18.400401,-90.281181,1.203480135,0.366296237,0.183174907
17.804693,-90.91867,18.066567,-90.464526,18.2174,-90.289161,1.570313615,0.117519832,0.183308908
17.307345,-89.429197,17.983576,-90.547733,18.034521,-90.301708,0.932497046,0.250593527,0.183020556
17.659238,-90.292749,17.826624,-90.352379,17.852219,-90.31791,0.720407516,0.067706862,0.180529528
16.942841,-90.216839,17.759935,-90.340683,17.672575,-90.335769,0.622400861,0.178303,0.175236953
16.735617,-90.80373,17.583195,-90.317126,17.498222,-90.353348,0.362014569,0.201548923,0.167995182
16.990085,-91.061219,17.400067,-90.401305,17.331026,-90.369715,1.629852285,0.156948285,0.160426073
15.637268,-90.152206,17.294815,-90.51773,17.171338,-90.385086,0.848783377,0.331762506,0.154392835
16.007729,-89.388536,16.969346,-90.453416,17.017727,-90.400604,0.758669272,0.279584199,0.151463231
16.281151,-90.096222,16.764998,-90.262604,16.867258,-90.41793,1.263867621,0.124387973,0.151920304
15.7118,-91.224584,16.645688,-90.227426,16.716737,-90.438502,0.291416664,0.261655146,0.154478418
16.002575,-91.205256,16.44767,-90.398459,16.564192,-90.462866,1.723591027,0.179327684,0.157033577
14.513224,-90.337731,16.336271,-90.538989,16.409614,-90.490528,1.245850303,0.356887653,0.157582575
15.609198,-90.93017,15.981291,-90.502138,16.254869,-90.520298,0.890436339,0.124400529,0.155176621
15.981427,-90.121268,15.881084,-90.575854,16.102744,-90.550921,0.879117166,0.083480344,0.150387262
15.278615,-90.64938,15.867072,-90.493558,15.955523,-90.581618,0.515226021,0.135319395,0.144826896
14.773459,-90.750747,15.73391,-90.517625,15.813975,-90.612261,0.439078838,0.202231111,0.140477025
14.503271,-91.096852,15.535235,-90.555383,15.676982,-90.643353,0.88213586,0.231508037,0.138959063
14.917662,-90.318107,15.323122,-90.648141,15.541876,-90.675849,1.098238391,0.118231891,0.140649878
13.899937,-89.905356,15.22181,-90.587193,15.405621,-90.710734,0.728828561,0.291116676,0.144439452
14.015222,-90.625009,14.9592,-90.461555,15.26621,-90.748514,0.594069049,0.198376213,0.148328191
13.457107,-90.828542,14.762014,-90.483253,15.123501,-90.788954,0.287859666,0.267277847,0.150292584
13.575322,-90.566076,14.500255,-90.537287,14.979259,-90.831169,0.521880328,0.195665355,0.149188443
13.995464,-90.875656,14.304596,-90.53571,14.836375,-90.87408,0.519514915,0.101525383,0.145298868
14.330955,-91.272319,14.21832,-90.589225,14.69755,-90.916968,1.054834905,0.115968325,0.140110223
13.509756,-90.61027,14.208862,-90.704807,14.564145,-90.959793,0.949009275,0.146351103,0.135628649
12.680428,-91.071609,14.063874,-90.684879,14.435622,-91.003117,0.988061335,0.278088683,0.133543906
13.453757,-90.456607,13.793188,-90.748616,14.309732,-91.047678,1.048684989,0.103943268,0.134346472
13.042019,-91.421082,13.705538,-90.692744,14.183566,-91.093842,0.318771945,0.189208531,0.137051307
12.826127,-91.186548,13.56197,-90.815984,14.054992,-91.141295,1.347873511,0.167900185,0.139774626
13.965186,-90.465918,13.40589,-90.877867,13.923687,-91.189211,1.730016554,0.105612471,0.140670143
12.466749,-91.330582,13.479448,-90.802083,13.791305,-91.236783,1.050502014,0.219148452,0.138796665
13.402489,-90.853146,13.279041,-90.890757,13.660705,-91.283774,1.444819012,0.011992202,0.134549405
12.176493,-91.61763,13.273931,-90.879908,13.534589,-91.33066,0.795262736,0.249677294,0.12937188
12.127384,-90.823885,13.058565,-91.006226,13.414291,-91.378257,0.486931419,0.19180782,0.124976763
12.585864,-90.659878,12.870034,-90.970923,13.29925,-91.427091,1.701510151,0.08940144,0.122528675
11.485721,-91.957885,12.802088,-90.91282,13.187327,-91.476956,0.69212906,0.315260566,0.122219328
11.687337,-91.295772,12.542399,-91.091568,13.075796,-91.52694,0.590961211,0.179463494,0.123367658
11.597358,-90.711701,12.366014,-91.124666,12.962579,-91.575945,0.879148757,0.178656829,0.124814285
11.874882,-89.877505,12.204663,-91.047958,12.847108,-91.623327,2.20041216,0.228913874,0.125368725
12.024919,-92.072796,12.121764,-90.834582,12.730464,-91.669278,0.53629957,0.214020228,0.124281121
12.013407,-91.53662,12.081164,-91.044716,12.614783,-91.714706,1.378602295,0.088590187,0.121612163
11.086282,-90.516334,12.047554,-91.126683,12.502212,-91.76072,0.640717913,0.221054522,0.118182607
11.078126,-91.157,11.857468,-91.013845,12.393905,-91.808014,0.20025595,0.160118273,0.115104664
11.215328,-91.30287,11.698391,-91.032076,12.289525,-91.856531,0.709861189,0.114689409,0.113288887
11.74692,-90.832431,11.59131,-91.073153,12.187384,-91.905537,0.612754086,0.049391461,0.113199634
11.45133,-91.369175,11.598475,-91.024284,12.085074,-91.953981,0.530267013,0.069885622,0.114695947
11.235339,-90.884891,11.554398,-91.078517,11.980429,-92.000934,0.367666581,0.083486919,0.116983309
10.890471,-90.757436,11.481321,-91.038146,11.87245,-92.045941,0.276985202,0.133232519,0.118891436
11.120538,-90.911676,11.360814,-90.981322,11.7617,-92.08918,0.29887076,0.061891027,0.119438792
10.846841,-90.791619,11.302359,-90.960987,11.649976,-92.13141,0.785513091,0.103032888,0.118432693
10.213748,-91.256618,11.206716,-90.92267,11.539363,-92.173731,0.525887104,0.197639348,0.116663526
10.348333,-91.764992,11.015573,-90.972926,11.431087,-92.217167,0.480970699,0.189605683,0.115377073
9.945963,-91.501494,10.880142,-91.105624,11.324877,-92.262237,0.760154486,0.194579952,0.115472159
10.628747,-91.167367,10.696607,-91.170248,11.219144,-92.308652,0.873643589,0.031394516,0.115629493
10.324673,-91.986386,10.66559,-91.165394,11.11119,-92.350078,0.679197468,0.161306569,0.121773106
10.399365,-91.311308,10.587389,-91.306477,10.994689,-92.385521,0.174241183,0.050471295,0.126479281
10.401812,-91.485532,10.536939,-91.305011,10.871078,-92.412304,0.498592229,0.04987962,0.124067065
9.93437,-91.312061,10.496827,-91.334659,10.748177,-92.429274,0.494300136,0.11504984,0.13151286
9.724599,-90.86448,10.381962,-91.32814,10.617371,-92.442891,0.138671592,0.157190993,0.127072857
9.851942,-90.809584,10.249978,-91.242763,10.490565,-92.451122,0.457104622,0.119028602,0.129746718
9.478523,-91.073218,10.163653,-91.160813,10.360969,-92.457374,0.242822732,0.140254482,0.130158098
9.416277,-91.307927,10.025261,-91.138032,10.230834,-92.459826,0.504864371,0.122216474,0.132173555
9.919659,-91.346587,9.905647,-91.163119,10.098701,-92.456552,1.024759862,0.029937399,0.135840482
8.940559,-91.64907,9.892049,-91.18979,9.963331,-92.445256,0.674952985,0.201278063,0.140414049
9.477584,-91.240211,9.705407,-91.26514,9.824515,-92.424132,0.732981232,0.057804957,0.144852676
9.520853,-91.971914,9.648199,-91.256854,9.68308,-92.392852,1.409661418,0.128314683,0.148091466
8.128734,-91.750216,9.612636,-91.380142,9.540503,-92.352816,1.074094204,0.288566131,0.149610646
9.124919,-92.15183,9.331188,-91.44384,9.398231,-92.306534,0.86261114,0.136734883,0.14979995
8.703758,-91.399021,9.275556,-91.568746,9.257085,-92.256356,0.725031757,0.122929177,0.14967268
9.008232,-90.741019,9.156095,-91.539752,9.117116,-92.203341,0.649592161,0.148585493,0.146386493
8.706801,-91.31644,9.111885,-91.397896,8.97987,-92.152424,0.917613964,0.090342275,0.140969313
8.051099,-90.674513,9.02326,-91.380365,8.846542,-92.106642,0.19505709,0.228876101,0.138346939
8.157041,-90.510734,8.83424,-91.251308,8.715862,-92.061226,0.448644912,0.195141842,0.138058941
8.503098,-90.796263,8.696072,-91.113504,8.586925,-92.011875,0.410621738,0.083378169,0.138855535
8.2396,-91.11119,8.643593,-91.048713,8.4595,-91.956705,1.526116361,0.088868602,0.138952041
7.278759,-89.925519,8.55475,-91.050846,8.334038,-91.896981,0.506929571,0.320556728,0.136711529
7.561691,-90.346146,8.311351,-90.842247,8.211438,-91.836489,0.453002721,0.182379421,0.131633834
7.583818,-90.798608,8.158937,-90.742086,8.092634,-91.779805,0.147095281,0.122001885,0.124843041
7.492351,-90.683409,8.036966,-90.739341,7.978115,-91.730094,0.441567957,0.118507069,0.118283845
7.067483,-90.56312,7.920455,-90.717682,7.867689,-91.687701,0.246318834,0.175537001,0.113448331
7.310543,-90.523185,7.74922,-90.679058,7.760604,-91.65024,0.874793514,0.105802293,0.110955238
6.457099,-90.715271,7.650724,-90.640423,7.655858,-91.613643,1.049459695,0.232324929,0.11067205
6.997555,-89.815675,7.418413,-90.642967,7.552587,-91.573851,0.538883495,0.184441635,0.111718356
7.2437,-90.295058,7.321593,-90.485981,7.450407,-91.528682,0.308280941,0.057695303,0.1135702
6.957228,-90.181168,7.286583,-90.440122,7.349225,-91.477103,0.154538051,0.09692126,0.119393775
6.841178,-90.283219,7.208707,-90.382424,7.24814,-91.413568,0.277169107,0.088850906,0.122578892
6.821253,-90.006767,7.124815,-90.353156,7.14792,-91.342988,0.691442342,0.102148134,0.121898962
6.79247,-90.69761,7.052992,-90.280522,7.049252,-91.271406,1.040837841,0.089409673,0.119586908
6.046958,-89.97128,6.989476,-90.343449,6.952093,-91.201684,0.667340216,0.198834252,0.118149597
6.683383,-90.172044,6.805423,-90.268219,6.855806,-91.133214,1.562143382,0.04776312,0.119391915
6.138716,-88.70793,6.765788,-90.241566,6.759527,-91.062611,1.343722967,0.309787833,0.124526815
6.959512,-89.771831,6.637761,-89.959471,6.66263,-90.984394,1.312357738,0.061973588,0.133471587
6.387952,-88.590475,6.678137,-89.912455,6.565052,-90.893327,0.538774306,0.256876386,0.144336206
6.236509,-89.107527,6.61253,-89.664098,6.467114,-90.787303,0.8018773,0.140810798,0.154138213
6.134131,-89.902842,6.532106,-89.548514,6.369137,-90.668311,0.238221445,0.095076648,0.160048219
5.896623,-89.884419,6.450687,-89.597611,6.271262,-90.541678,0.578468337,0.11959154,0.161226215
5.843729,-89.308374,6.33623,-89.632277,6.173512,-90.413464,0.173366663,0.119221716,0.159497251
5.753733,-89.160196,6.237606,-89.565291,6.075926,-90.287304,0.446405808,0.130088748,0.157448798
5.307479,-89.148555,6.137817,-89.481833,5.978539,-90.163587,0.865035275,0.176371231,0.157227613
6.055184,-88.713557,5.976415,-89.410726,5.881375,-90.039976,0.460882058,0.138558519,0.160771655
5.692598,-88.998063,5.971751,-89.272246,5.784493,-89.911674,0.135623531,0.089203253,0.168772896
5.591885,-89.088896,5.907993,-89.209859,5.687934,-89.773252,1.068027929,0.078126499,0.179602905
5.385422,-88.041014,5.838067,-89.175015,5.591596,-89.621673,0.922549114,0.233918038,0.190106857
4.908157,-88.830517,5.744165,-88.960772,5.495275,-89.457774,0.621778322,0.166865859,0.197043871
5.482986,-88.593494,5.581798,-88.922286,5.398947,-89.285881,0.518237361,0.079841738,0.198863396
5.380825,-88.085426,5.549044,-88.849472,5.303036,-89.111675,0.709517648,0.156403375,0.196813299
5.884924,-87.586127,5.505086,-88.699373,5.208219,-88.939207,1.250550749,0.220358523,0.193481048
4.710171,-87.15737,5.559506,-88.48584,5.115002,-88.769662,1.072302127,0.301363961,0.191503249
4.080621,-88.025413,5.397813,-88.231526,5.023508,-88.601429,1.024346126,0.253494675,0.193428921
4.718164,-87.22365,5.150933,-88.173995,4.93345,-88.430244,0.461431956,0.210306972,0.200315292
5.02347,-86.877662,5.058151,-87.985261,4.844347,-88.250837,0.793616495,0.219289484,0.210503032
4.678712,-86.162841,5.036289,-87.767064,4.755928,-88.059804,1.338193825,0.318110853,0.220676251
4.802963,-87.495254,4.958408,-87.458634,4.668364,-87.857244,0.184627715,0.046156179,0.227523549
4.627844,-87.436767,4.916686,-87.438894,4.582229,-87.646655,0.620701171,0.068949048,0.229411108
5.010417,-86.947985,4.852051,-87.414888,4.498134,-87.433213,1.541667395,0.105617683,0.227308129
3.692502,-86.148086,4.867321,-87.31038,4.416304,-87.221145,0.608446822,0.316876044,0.223650693
4.217633,-85.840767,4.647146,-87.082491,4.336539,-87.012202,0.890119864,0.260353936,0.221116368
3.502525,-85.310735,4.556655,-86.838369,4.25847,-86.805326,1.079257824,0.359141398,0.222175747
3.637994,-86.381457,4.354935,-86.54123,4.181801,-86.596798,1.47803159,0.154673148,0.227889601
4.278732,-85.049529,4.210978,-86.48466,4.106479,-86.381716,0.515060513,0.281514618,0.236950987
3.858389,-84.751873,4.205855,-86.203192,4.0327,-86.156544,0.650961565,0.297040531,0.246494423
3.215255,-84.852519,4.128781,-85.916325,3.960744,-85.920786,0.749576671,0.282963573,0.253498504
3.963986,-84.816923,3.951215,-85.69601,3.890747,-85.677143,1.24598679,0.188724374,0.256152466
3.117702,-83.902436,3.936891,-85.50783,3.822545,-85.430237,0.351350026,0.355853465,0.254782342
3.016087,-83.566101,3.776192,-85.190328,3.755769,-85.184361,1.374865394,0.357112845,0.251362871
4.129744,-84.372341,3.624698,-84.866941,3.690114,-84.941724,0.531163737,0.139542048,0.248427941
3.616233,-84.50814,3.70033,-84.749673,3.625511,-84.701843,1.597031823,0.081943185,0.24838881
3.062132,-83.010314,3.671986,-84.672788,3.562091,-84.461687,0.349571408,0.347956062,0.252587493
2.851193,-83.28907,3.5515,-84.346358,3.500004,-84.216849,0.25123064,0.260748467,0.260384317
2.906687,-83.534095,3.414221,-84.124673,3.439219,-83.963659,1.569559273,0.173747471,0.269426859
3.509037,-82.084719,3.310098,-83.985581,3.379504,-83.700933,0.278430752,0.378365689,0.276812444
3.684622,-81.868632,3.328146,-83.607646,3.320542,-83.430473,0.827496584,0.350218127,0.280373962
2.857376,-81.888995,3.378845,-83.261117,3.262084,-83.156261,1.026110643,0.292958013,0.279748073
3.31821,-80.972188,3.278328,-82.985943,3.204044,-82.8826,1.124004843,0.396720135,0.276488514
2.781613,-81.959837,3.27475,-82.589239,3.146448,-82.612177,1.341808537,0.191158096,0.273071867
2.890919,-80.622488,3.175684,-82.425754,3.0893,-82.345152,0.711109939,0.367585164,0.271910288
2.982862,-81.327629,3.114634,-82.063274,3.032502,-82.07924,1.014660542,0.178140821,0.274576592
2.308338,-80.569636,3.080814,-81.888373,2.975899,-81.810561,0.808476922,0.313656368,0.280968751
3.11054,-80.670169,2.933561,-81.611431,2.919373,-81.535337,0.515327495,0.211297681,0.289197649
3.098811,-80.154975,2.953498,-81.401076,2.862879,-81.251711,0.170222602,0.264259368,0.296517521
3.264706,-80.116836,2.96954,-81.137304,2.806421,-80.960618,1.077230642,0.228271267,0.300580087
2.472596,-79.386776,3.013675,-80.91334,2.749988,-80.665383,0.461602372,0.329942343,0.300550303
2.796681,-79.058073,2.910796,-80.599847,2.693541,-80.370181,1.037434218,0.318740037,0.297557774
1.88978,-78.554287,2.882606,-80.282356,2.637018,-80.078041,0.604303884,0.397161683,0.293885617
2.493147,-78.587924,2.698331,-79.930532,2.580353,-79.78967,0.44046017,0.288824669,0.291847571
2.195467,-78.912565,2.651447,-79.645538,2.523518,-79.50341,0.299010816,0.198917673,0.293121423
2.152379,-78.616675,2.560127,-79.468821,2.466594,-79.215869,1.237066847,0.212985531,0.298053611
2.76956,-77.544564,2.476737,-79.272839,2.409756,-78.923285,0.560327509,0.353034846,0.3052334
2.326459,-77.201594,2.517574,-78.922174,2.353136,-78.623349,0.880095022,0.353820449,0.309481445
1.506999,-77.522612,2.47425,-78.571016,2.298497,-78.318729,1.472991125,0.295503826,0.313312863
2.096742,-76.172832,2.29283,-78.337758,2.244404,-78.010121,0.448409549,0.433546415,0.313613725
2.441565,-76.459482,2.246094,-77.906738,2.190727,-77.701135,1.289094557,0.30728421,0.311028752
1.550376,-75.52806,2.269362,-77.600336,2.137342,-77.394722,0.789512686,0.440121817,0.30734044
2.067579,-76.124576,2.131449,-77.18238,2.08437,-77.091981,1.873861128,0.240974235,0.304795633
1.286302,-74.421355,2.108448,-76.942506,2.031938,-76.791729,1.796986673,0.523253324,0.305139473
2.885868,-75.240226,1.951158,-76.443453,1.980152,-76.491016,1.185496341,0.309093734,0.308993644
1.750806,-75.582331,2.104654,-76.175166,1.929046,-76.186278,1.260440313,0.174053639,0.315322361
2.622781,-74.672183,2.033097,-76.016502,1.878557,-75.875024,1.248324654,0.295172416,0.321855011
1.561057,-74.015634,2.130278,-75.737786,1.828598,-75.55707,0.548072889,0.370030903,0.326225512
2.106076,-73.957857,2.023103,-75.383616,1.779175,-75.23461,0.432747581,0.313436424,0.327100149
2.129503,-73.525744,2.028725,-75.07023,1.730465,-74.911157,0.546970477,0.315073326,0.324900786
2.504931,-73.923526,2.040926,-74.755393,1.68273,-74.589782,2.566737241,0.211818706,0.321401159
0.350998,-72.527563,2.117369,-74.557849,1.636185,-74.271769,0.996479436,0.516466708,0.318676833
1.243287,-72.971175,1.800733,-74.14983,1.590908,-73.956325,1.278513957,0.658433659,0.315316231
1.60813,-71.745823,1.675436,-73.503428,1.543114,-73.644652,0.312994767,0.05515544,0.307805722
1.652534,-71.435994,1.665726,-73.449134,1.498375,-73.340115,0.528654431,0.41140655,0.311027053
1.196819,-71.703948,1.653206,-73.037918,1.456653,-73.031899,0.49177048,0.305882231,0.307229181
0.766461,-71.941919,1.563753,-72.745408,1.409057,-72.728379,0.487527057,0.238533118,0.311235069
1.067539,-71.558468,1.415058,-72.558893,1.365485,-72.420209,0.42185936,0.250605049,0.307357787
0.842232,-71.201814,1.340644,-72.319591,1.319763,-72.116271,0.791313653,0.268619024,0.302974773
1.378067,-70.619527,1.241447,-72.069959,1.275751,-71.81651,0.655172965,0.308226044,0.293276528
1.452291,-69.968572,1.255179,-71.762039,1.230715,-71.526712,0.970002254,0.370087472,0.286978754
0.546589,-70.315859,1.281137,-71.392863,1.18955,-71.242701,0.567511351,0.279466608,0.284780891
0.19501,-70.761349,1.1436,-71.149583,1.147065,-70.961107,1.984522773,0.213384284,0.286404431
1.192969,-69.046004,0.967051,-71.029736,1.103437,-70.678045,0.565370103,0.401328186,0.28753678
1.116736,-68.485797,0.996801,-70.629512,1.065394,-70.393036,1.610455496,0.431444693,0.294010065
-0.207481,-69.402321,1.010599,-70.198288,1.022329,-70.102197,1.344411438,0.295579504,0.297576427
0.276006,-68.147856,0.787708,-70.004157,0.98346,-69.80717,1.226375149,0.393679873,0.294540133
0.849811,-69.231712,0.686929,-69.623595,0.949304,-69.514617,1.374504406,0.123102043,0.292425205
1.584439,-68.069996,0.705967,-69.501974,0.913524,-69.224389,1.226725347,0.337566644,0.285366176
0.50466,-67.487817,0.854374,-69.19878,0.879329,-68.941079,1.040658072,0.359415827,0.273066268
1.279209,-66.792804,0.787687,-68.845605,0.849444,-68.669653,0.2456534,0.423430967,0.272669386
1.103635,-66.964616,0.870379,-68.430327,0.817148,-68.398903,0.739694658,0.315557203,0.267560446
0.489241,-66.552708,0.908999,-68.117142,0.786497,-68.133104,0.669311215,0.339544262,0.265899579
1.06356,-66.896416,0.832239,-67.786388,0.757557,-67.868784,1.006794319,0.21448819,0.264120891
0.225552,-66.338404,0.869793,-67.575213,0.731516,-67.60595,1.136983524,0.285139676,0.261125534
0.214016,-67.475329,0.753254,-67.314976,0.708396,-67.34585,1.136286238,0.106576534,0.256305442
0.107651,-66.344032,0.651039,-67.284799,0.687014,-67.090438,1.41387794,0.236035725,0.249957359
0.697852,-65.059231,0.547017,-67.072921,0.665841,-66.841379,1.162249808,0.392471226,0.244986816
0.007719,-65.9944,0.566325,-66.680925,0.643852,-66.597381,1.93446237,0.198026867,0.245406296
1.900525,-65.595113,0.459582,-66.51413,0.618296,-66.353309,1.943770696,0.325691208,0.246759466
-0.034703,-65.777149,0.704362,-66.299287,0.597037,-66.107467,1.747616275,0.192188289,0.250381817
-0.238796,-64.041491,0.568268,-66.163586,0.572201,-65.85832,1.226098369,0.434748995,0.253217379
0.813364,-64.670996,0.419379,-65.755127,0.549525,-65.60612,0.251806138,0.242274033,0.255848328
1.047982,-64.579559,0.478982,-65.520299,0.529216,-65.351079,1.162723903,0.228691698,0.25875245
0.315433,-63.67662,0.571468,-65.311143,0.505551,-65.093411,0.529745218,0.335013114,0.260633331
0.076197,-63.203972,0.519737,-64.980148,0.478541,-64.834181,0.827287321,0.377451633,0.262365694
-0.598856,-63.682206,0.431908,-64.613057,0.448874,-64.573498,0.988642525,0.285419571,0.264271571
0.122823,-63.006489,0.23956,-64.402186,0.418446,-64.310984,0.539227764,0.284397264,0.266562605
0.61686,-63.222577,0.208801,-64.119457,0.388953,-64.046058,0.868784573,0.211500015,0.269346691
0.027335,-62.584418,0.26903,-63.916714,0.360664,-63.778201,0.554569073,0.293107319,0.272557151
-0.456614,-62.855232,0.213968,-63.628825,0.332088,-63.507146,0.326884986,0.222976643,0.275826227
-0.767504,-62.754231,0.083968,-63.447666,0.301224,-63.233052,1.538649693,0.232719487,0.278671821
0.249657,-61.59975,-0.080007,-63.282528,0.267184,-62.956467,0.303726246,0.342284457,0.28083452
0.551089,-61.562489,-0.036211,-62.943057,0.23091,-62.677985,0.273381133,0.302006446,0.282466313
0.294141,-61.469135,0.055433,-62.655291,0.194455,-62.397881,0.133262344,0.255998813,0.283955968
0.172478,-61.414757,0.087819,-62.401349,0.159353,-62.116103,0.541709649,0.218418151,0.28555604
0.603193,-61.086224,0.094163,-62.183023,0.125506,-61.83256,1.404926849,0.251220915,0.287370385
0.249555,-59.726533,0.176724,-61.945756,0.091364,-61.547225,0.921883284,0.436781694,0.289538399
-0.604825,-59.380262,0.183636,-61.509029,0.05516,-61.259959,0.607755511,0.448776678,0.292134123
-1.20978,-59.321985,0.037515,-61.084707,0.016315,-60.970419,1.254370943,0.429104581,0.294939377
-0.037559,-58.875505,-0.192966,-60.722755,-0.024138,-60.678267,0.834726518,0.378739372,0.297547292
-0.586171,-58.246384,-0.177785,-60.34432,-0.064376,-60.383453,0.981702547,0.432818591,0.299679162
-0.680791,-59.223516,-0.261725,-59.919719,-0.103228,-60.086303,0.677391229,0.197490383,0.301290452
-0.708113,-58.546676,-0.348281,-59.742207,-0.14109,-59.787401,0.227012613,0.27437881,0.302488284
-0.503497,-58.644997,-0.424948,-59.478757,-0.17949,-59.48736,0.521533914,0.200046655,0.303518593
-0.045204,-58.396069,-0.451876,-59.280531,-0.219777,-59.186527,0.860438506,0.21394883,0.304794335
-0.105204,-57.537725,-0.391762,-59.075201,-0.26209,-58.884684,0.413620515,0.322703847,0.306699952
-0.249652,-57.925303,-0.35078,-58.75511,-0.305348,-58.58105,0.91467823,0.195235418,0.309245937
-0.070045,-57.028432,-0.341094,-58.560115,-0.348204,-58.274788,0.911732003,0.320840097,0.312009749
-0.107313,-56.117462,-0.300268,-58.241883,-0.390145,-57.96561,1.661637871,0.425610583,0.314426019
-1.087508,-57.459199,-0.272003,-57.817212,-0.431909,-57.65397,2.093836593,0.187997751,0.316174374
-0.137902,-55.59308,-0.422183,-57.704123,-0.474936,-57.340737,0.641725338,0.413690163,0.317334362
-0.738132,-55.820094,-0.377963,-57.292803,-0.520211,-57.026649,0.493007375,0.327127005,0.318206448
-0.842026,-56.30203,-0.449291,-56.973547,-0.56748,-56.711973,0.489186409,0.185352838,0.319138497
-1.140444,-55.914409,-0.526208,-56.804907,-0.615494,-56.396467,0.730190444,0.236243999,0.320444803
-0.781342,-55.278623,-0.643399,-56.599779,-0.663079,-56.079575,1.024428075,0.272581833,0.322254888
-1.729048,-54.889642,-0.675458,-56.329089,-0.710181,-55.760781,0.88418442,0.357916152,0.3243797
-1.07357,-54.296236,-0.871364,-56.029548,-0.757971,-55.439941,0.020447002,0.355524868,0.326465593
-1.093897,-54.298448,-0.919141,-55.677248,-0.807958,-55.117325,0.424391705,0.304476899,0.328273377
-1.417271,-54.573289,-0.964229,-55.376128,-0.860901,-54.793349,1.100887325,0.201725954,0.329758234
-1.623287,-53.49185,-1.053791,-55.195374,-0.916285,-54.468275,0.134954774,0.37509525,0.330946953
-1.681546,-53.370118,-1.169396,-54.838538,-0.972793,-54.142188,0.652278559,0.325662692,0.331869822
-1.03459,-53.453276,-1.27366,-54.530017,-1.029368,-53.815176,2.137213294,0.241160617,0.332616076
-1.852972,-51.478958,-1.244987,-54.290567,-1.086049,-53.487425,1.325409251,0.560243333,0.333392275
-2.767164,-52.438626,-1.365064,-53.743343,-1.143989,-53.159106,0.735378483,0.387002048,0.334434127
-2.073674,-52.683275,-1.627622,-53.45903,-1.204583,-52.830207,0.487464453,0.201692116,0.335834332
-2.095446,-52.196297,-1.720254,-53.279868,-1.268437,-52.500499,1.624425167,0.26500979,0.336205897
-2.274101,-50.581726,-1.806645,-53.029335,-1.336303,-52.171214,0.213644277,0.49405364,0.326070838
-2.285215,-50.368371,-1.905826,-52.545339,-1.403967,-51.852241,0.41577171,0.447397049,0.326654677
-1.877118,-50.447888,-1.990221,-52.105974,-1.468469,-51.532018,0.662875166,0.349859931,0.316865272
-2.288341,-49.927985,-1.986129,-51.756138,-1.534967,-51.222209,0.407788059,0.386687319,0.313610609
-2.696113,-49.924366,-2.0538,-51.375418,-1.602118,-50.915872,0.265531019,0.339567182,0.312095109
-2.559008,-49.69697,-2.181693,-51.060856,-1.671158,-50.611509,0.603990786,0.30968564,0.307134063
-2.358392,-49.12727,-2.262752,-50.761967,-1.744189,-50.313184,0.478846394,0.347869208,0.302959895
-2.641021,-48.740728,-2.293247,-50.415437,-1.818551,-50.019492,0.5138544,0.36173878,0.297308474
-2.150512,-48.587603,-2.367098,-50.061317,-1.892749,-49.731591,0.246204249,0.320008465,0.291824986
-2.333278,-48.422639,-2.339999,-49.742458,-1.966162,-49.449151,0.39700938,0.291265255,0.289507159
-1.98836,-48.226048,-2.348333,-49.451312,-2.037067,-49.168461,0.471542438,0.279517899,0.293585095
-2.459866,-48.23191,-2.291432,-49.177647,-2.114385,-48.88524,1.368084573,0.225620063,0.292709195
-3.504015,-47.347937,-2.326507,-48.95477,-2.1888,-48.602148,0.662327093,0.400851592,0.293593638
-2.900607,-47.621023,-2.540794,-48.616003,-2.266792,-48.319103,1.399494816,0.241283303,0.295382335
-1.974024,-46.5722,-2.612394,-48.385588,-2.347336,-48.034914,0.775740952,0.389123768,0.296626021
-2.74967,-46.560063,-2.506313,-48.011203,-2.427223,-47.749248,0.550594802,0.314883635,0.297995232
-2.367108,-46.164082,-2.55373,-47.69991,-2.504634,-47.461483,1.093833329,0.327771149,0.299810192
-3.434887,-46.401399,-2.52452,-47.373443,-2.581153,-47.171602,0.360211237,0.279875119,0.30177425
-3.078195,-46.35117,-2.689066,-47.147048,-2.657862,-46.87974,0.409000266,0.207095111,0.303819701
-3.277657,-45.994104,-2.763355,-46.953736,-2.736082,-46.586162,1.384646729,0.240769136,0.305732726
-2.68845,-44.741075,-2.860412,-46.733396,-2.81584,-46.291016,0.817449239,0.403473062,0.307349963
-3.502482,-44.815742,-2.836118,-46.330655,-2.895765,-45.99424,0.505247785,0.332499294,0.308690168
-3.190285,-45.212993,-2.958056,-46.021322,-2.974113,-45.695658,2.040657324,0.209041197,0.309932038
-3.087915,-43.174905,-3.006753,-45.818032,-3.050083,-45.395181,1.051522438,0.508117508,0.311277149
-3.9315,-43.80265,-3.025996,-45.310279,-3.124353,-45.092894,0.304723808,0.372944822,0.312866824
-3.923136,-43.498041,-3.193933,-44.977285,-3.198462,-44.788931,0.666986717,0.343264638,0.314726046
-3.264039,-43.600327,-3.331033,-44.662588,-3.273552,-44.483294,0.270731246,0.231523482,0.316712205
-3.382844,-43.357056,-3.326598,-44.431107,-3.349444,-44.175809,1.090616758,0.24200201,0.31857612
-4.094749,-42.530838,-3.344214,-44.189747,-3.424802,-43.866274,0.963177059,0.382131441,0.320176726
-3.210753,-42.148397,-3.485824,-43.834823,-3.498201,-43.554624,0.406973454,0.354154359,0.321568695
-3.557405,-41.935184,-3.445437,-43.482979,-3.56927,-43.241007,0.788188292,0.329104838,0.322907149
-4.070335,-42.533635,-3.471778,-43.15493,-3.63897,-42.925712,2.010943507,0.198544867,0.32429651
-3.306723,-40.673315,-3.584254,-42.991317,-3.708796,-42.609022,0.659187515,0.453303704,0.325767539
-3.937408,-40.481574,-3.540913,-42.54009,-3.779609,-42.291044,0.31883262,0.435838615,0.327298316
-4.115146,-40.216879,-3.617717,-42.111072,-3.851011,-41.971629,0.747266301,0.403703829,0.328851006
-4.412164,-40.902581,-3.712124,-41.718562,-3.921739,-41.650474,1.448073968,0.240962242,0.330397074
-2.976234,-41.089726,-3.843569,-41.516609,-3.990738,-41.327362,2.057210894,0.195518637,0.331371203
-3.905019,-39.254113,-3.697681,-41.386439,-4.057966,-41.002882,0.513116848,0.432023445,0.323825848
-4.34838,-38.995811,-3.739021,-40.956398,-4.123332,-40.685722,0.519936746,0.417618711,0.314914929
-4.714879,-39.36461,-3.852022,-40.554358,-4.188041,-40.377527,0.189702403,0.310708861,0.308568358
-4.534147,-39.306965,-4.011698,-40.287818,-4.253127,-40.075901,0.208678007,0.249800654,0.304509822
-4.421156,-39.131524,-4.113079,-40.059515,-4.318358,-39.77846,1.394218153,0.226437139,0.301581446
-5.090603,-37.908542,-4.177206,-39.842348,-4.382594,-39.483799,1.413235265,0.43028665,0.298259962
-6.009554,-38.98221,-4.349163,-39.447915,-4.444823,-39.192103,1.196647226,0.335612998,0.293319465
-5.053957,-38.261933,-4.656353,-39.312747,-4.50502,-38.905027,0.998978034,0.251443713,0.286251093
-5.321749,-37.299517,-4.743334,-39.076827,-4.564147,-38.624949,0.672462512,0.383070603,0.277515476
-4.945952,-36.741859,-4.862249,-38.712681,-4.623382,-38.353829,0.671513817,0.401428662,0.268416372
-5.07866,-37.400129,-4.893556,-38.312475,-4.683183,-38.092159,1.217286182,0.219182737,0.260370941
-5.303225,-36.203736,-4.941624,-38.098628,-4.742986,-37.838749,0.492490528,0.394930821,0.254274293
-5.343694,-36.694561,-5.020294,-37.711612,-4.801766,-37.591362,0.734536152,0.243436256,0.250299339
-4.989102,-36.051282,-5.092071,-37.478998,-4.858927,-37.347677,0.517869693,0.304334019,0.247823082
-4.507886,-36.242646,-5.087726,-37.174695,-4.914867,-37.10625,0.682474488,0.234558987,0.245562699
-5.185624,-36.16238,-4.996792,-36.95848,-4.970705,-36.86712,0.770956371,0.195111609,0.242128644
-5.914,-35.90971,-5.039527,-36.768106,-5.027406,-36.631724,0.790592814,0.249806404,0.236643307
-5.733329,-35.140038,-5.20178,-36.578166,-5.084995,-36.402195,0.259525233,0.327173949,0.229220173
-5.666278,-34.889324,-5.309544,-36.269249,-5.142445,-36.180291,0.624077879,0.290817787,0.220994457
-5.636104,-34.265976,-5.382477,-35.987725,-5.198428,-35.966505,0.470661269,0.365332121,0.213472737
-5.83225,-34.693818,-5.441809,-35.627243,-5.252332,-35.75995,0.922141781,0.218602114,0.207817207
-5.226404,-33.998623,-5.520618,-35.423341,-5.304688,-35.558836,0.722192734,0.300617688,0.204452998
-5.919503,-34.201542,-5.480539,-35.125407,-5.356759,-35.361125,0.36720159,0.236935731,0.202798782
-5.720487,-33.892949,-5.570478,-34.906205,-5.409547,-35.165317,0.094567309,0.228785443,0.201474778
-5.651607,-33.828153,-5.607895,-34.6805,-5.463035,-34.971072,1.33593035,0.197142916,0.198977066
-5.019928,-32.650999,-5.625987,-34.484189,-5.516207,-34.779331,0.537783102,0.382261303,0.194425293
-5.461989,-32.957255,-5.527732,-34.114771,-5.567738,-34.591859,0.955077236,0.251477153,0.18805248
-6.08361,-33.682348,-5.52266,-33.863345,-5.616906,-34.410348,0.163861004,0.13094156,0.181017983
-5.91988,-33.688899,-5.628315,-33.785997,-5.664032,-34.235572,0.133344216,0.083314894,0.174653144
-5.908597,-33.821765,-5.687476,-33.727334,-5.710067,-34.067095,1.153833658,0.051449528,0.169931867
-6.558566,-32.868417,-5.734479,-33.706411,-5.755783,-33.903428,0.875245301,0.239422173,0.167200808
-5.689273,-32.766515,-5.888922,-33.523462,-5.801201,-33.742514,0.907372202,0.170102638,0.165962108
-6.593314,-32.688835,-5.863327,-33.355296,-5.845643,-33.582613,0.59951479,0.205124107,0.165099998
-6.185191,-32.249684,-6.001635,-33.203814,-5.888338,-33.423129,0.232758577,0.206333564,0.163394061
-6.275123,-32.464367,-6.044495,-33.001981,-5.928987,-33.264872,1.075466102,0.137693597,0.160072347
-6.834792,-31.546,-6.095456,-32.874065,-5.96793,-33.109609,0.279186958,0.302416015,0.155176875
-6.690325,-31.784903,-6.236884,-32.606757,-6.00578,-32.959119,0.823533409,0.201191722,0.149489321
-6.632845,-32.606428,-6.329109,-32.427948,-6.042831,-32.814294,0.994058237,0.066094758,0.144045132
-6.590268,-31.613282,-6.395202,-32.427466,-6.078769,-32.674804,0.646478808,0.179647205,0.139812601
-6.690992,-32.251866,-6.441921,-32.254,-6.112946,-32.539233,0.622193448,0.062946993,0.137380162
-6.800711,-31.639423,-6.497809,-32.225037,-6.145014,-32.405648,0.681596385,0.145527928,0.136569713
-6.119144,-31.633094,-6.563079,-32.094967,-6.175323,-32.272484,1.44784038,0.127101994,0.136424809
-6.671988,-30.294959,-6.49541,-31.987376,-6.204706,-32.139261,0.579032939,0.328244435,0.135717211
-6.3378,-30.76782,-6.535614,-31.661603,-6.233864,-32.006713,1.183545557,0.189073627,0.133535232
-6.213782,-29.59079,-6.509027,-31.474408,-6.262847,-31.876361,0.715970299,0.366591118,0.129716826
-6.398244,-30.28259,-6.463643,-31.110637,-6.291022,-31.749741,0.589325894,0.179768375,0.124852808
-6.871434,-30.633868,-6.457518,-30.930973,-6.317573,-31.627744,0.328286307,0.115658479,0.119963288
-6.648995,-30.875307,-6.536018,-30.846034,-6.342144,-31.510324,0.352323525,0.035834772,0.116115981
-6.375466,-30.65324,-6.561946,-30.821298,-6.365185,-31.396517,1.239993252,0.063219069,0.113979141
-7.42341,-29.99037,-6.534447,-30.764373,-6.387731,-31.28479,0.766692,0.230163971,0.11343648
-6.664989,-29.878057,-6.697236,-30.601661,-6.410718,-31.173707,0.744760216,0.148647054,0.113635665
-5.920409,-29.861674,-6.697363,-30.453014,-6.434398,-31.062566,0.812743535,0.184713688,0.11342534
-6.700792,-30.08873,-6.565695,-30.323466,-6.458269,-30.951681,0.121269607,0.078221829,0.111902499
-6.729375,-30.206583,-6.593676,-30.25042,-6.481545,-30.842226,0.669187433,0.03621644,0.108816961
-6.412911,-29.616954,-6.620171,-30.225729,-6.503809,-30.735711,,,
,,,,,STDDEV,0.453801487,0.107833174,0.069173768
,,,,,AVERAGE,0.855818548,0.257000226,0.242563982
,,,,,SUM,833.5672659,250.3182201,236.2573188
